serial_no,line_counter,datetime,code_space,tag_id,sensor_adc,signal_level,noise_level,channel,latitude,longitude,total_dt,dt,delta_tof,delta_distance,total_distance
,,2022-07-13 08:02:40.685132,,,,,,,10.932408333333333,-85.79003716666666,,,,,
,,2022-07-13 08:02:41.696149,,,,,,,10.932408333333333,-85.7900315,,,,,
,,2022-07-13 08:02:42.709463,,,,,,,10.932408333333333,-85.79002516666667,,,,,
,,2022-07-13 08:02:43.710168,,,,,,,10.932408333333333,-85.79001833333334,,,,,
,,2022-07-13 08:02:44.721630,,,,,,,10.932408166666667,-85.79001183333334,,,,,
,,2022-07-13 08:02:45.733561,,,,,,,10.932408666666667,-85.79000433333333,,,,,
,,2022-07-13 08:02:46.746022,,,,,,,10.932409666666667,-85.78999716666667,,,,,
,,2022-07-13 08:02:47.756026,,,,,,,10.9324105,-85.78998983333334,,,,,
,,2022-07-13 08:02:48.764904,,,,,,,10.932412833333334,-85.789983,,,,,
,,2022-07-13 08:02:49.778818,,,,,,,10.932415666666667,-85.78997566666666,,,,,
,,2022-07-13 08:02:50.793334,,,,,,,10.932419333333334,-85.78996866666667,,,,,
,,2022-07-13 08:02:51.807676,,,,,,,10.932423166666666,-85.78996133333334,,,,,
,,2022-07-13 08:02:52.816648,,,,,,,10.9324265,-85.78995416666666,,,,,
,,2022-07-13 08:02:53.824874,,,,,,,10.9324305,-85.78994766666666,,,,,
,,2022-07-13 08:02:54.834254,,,,,,,10.932435666666667,-85.789941,,,,,
,,2022-07-13 08:02:55.845232,,,,,,,10.932441666666668,-85.78993416666667,,,,,
,,2022-07-13 08:02:56.854933,,,,,,,10.932448333333333,-85.78992666666667,,,,,
,,2022-07-13 08:02:57.864001,,,,,,,10.932456,-85.78991866666667,,,,,
,,2022-07-13 08:02:58.872687,,,,,,,10.932463166666667,-85.78991066666667,,,,,
,,2022-07-13 08:02:59.881167,,,,,,,10.9324705,-85.78990216666666,,,,,
,,2022-07-13 08:03:00.889637,,,,,,,10.932478166666666,-85.78989333333334,,,,,
,,2022-07-13 08:03:01.898226,,,,,,,10.932486166666667,-85.78988466666667,,,,,
,,2022-07-13 08:03:02.905483,,,,,,,10.932494333333333,-85.78987666666667,,,,,
,,2022-07-13 08:03:03.915015,,,,,,,10.932501,-85.78986733333333,,,,,
,,2022-07-13 08:03:04.921319,,,,,,,10.932505833333334,-85.78985716666666,,,,,
,,2022-07-13 08:03:05.928143,,,,,,,10.932509833333333,-85.78984683333333,,,,,
,,2022-07-13 08:03:06.936525,,,,,,,10.932513333333333,-85.78983616666666,,,,,
,,2022-07-13 08:03:07.945375,,,,,,,10.9325155,-85.78982466666666,,,,,
,,2022-07-13 08:03:08.957635,,,,,,,10.9325175,-85.78981283333333,,,,,
,,2022-07-13 08:03:09.967891,,,,,,,10.932518666666667,-85.789802,,,,,
,,2022-07-13 08:03:10.970928,,,,,,,10.9325185,-85.7897905,,,,,
,,2022-07-13 08:03:11.981710,,,,,,,10.932516166666666,-85.789778,,,,,
,,2022-07-13 08:03:12.982463,,,,,,,10.932513,-85.78976616666667,,,,,
,,2022-07-13 08:03:13.995430,,,,,,,10.932508833333333,-85.78975416666667,,,,,
,,2022-07-13 08:03:15.006480,,,,,,,10.932503833333334,-85.789742,,,,,
,,2022-07-13 08:03:16.020125,,,,,,,10.932497666666666,-85.78972933333333,,,,,
,,2022-07-13 08:03:17.045043,,,,,,,10.932485666666667,-85.7897045,,,,,
,,2022-07-13 08:03:18.053617,,,,,,,10.932479333333333,-85.7896925,,,,,
,,2022-07-13 08:03:19.059584,,,,,,,10.932473833333333,-85.78968033333334,,,,,
,,2022-07-13 08:03:20.068987,,,,,,,10.932467833333334,-85.78966783333334,,,,,
,,2022-07-13 08:03:21.082329,,,,,,,10.9324625,-85.7896555,,,,,
,,2022-07-13 08:03:22.094013,,,,,,,10.932458333333333,-85.78964233333333,,,,,
,,2022-07-13 08:03:23.104046,,,,,,,10.9324555,-85.78962966666667,,,,,
,,2022-07-13 08:03:24.114300,,,,,,,10.932455,-85.78961683333333,,,,,
,,2022-07-13 08:03:25.122659,,,,,,,10.932453833333334,-85.78960433333333,,,,,
,,2022-07-13 08:03:26.133136,,,,,,,10.932454666666667,-85.78959183333333,,,,,
,,2022-07-13 08:03:27.147947,,,,,,,10.932456833333333,-85.78957966666667,,,,,
,,2022-07-13 08:03:28.157165,,,,,,,10.932459333333334,-85.78956716666667,,,,,
,,2022-07-13 08:03:29.170102,,,,,,,10.932463,-85.78955533333334,,,,,
,,2022-07-13 08:03:30.183431,,,,,,,10.932467333333333,-85.78954466666667,,,,,
,,2022-07-13 08:03:31.193914,,,,,,,10.932471833333333,-85.78953333333334,,,,,
,,2022-07-13 08:03:32.209157,,,,,,,10.932477,-85.78952333333334,,,,,
,,2022-07-13 08:03:33.216774,,,,,,,10.932483,-85.78951233333333,,,,,
,,2022-07-13 08:03:34.236820,,,,,,,10.932489,-85.78950183333333,,,,,
,,2022-07-13 08:03:35.237402,,,,,,,10.932494666666667,-85.789493,,,,,
,,2022-07-13 08:03:36.251301,,,,,,,10.9325015,-85.7894845,,,,,
,,2022-07-13 08:03:37.264192,,,,,,,10.932509166666666,-85.78947666666667,,,,,
,,2022-07-13 08:03:38.275826,,,,,,,10.932517166666667,-85.78946966666666,,,,,
,,2022-07-13 08:03:39.283341,,,,,,,10.932525166666666,-85.789464,,,,,
,,2022-07-13 08:03:40.291577,,,,,,,10.932534,-85.789459,,,,,
,,2022-07-13 08:03:41.297256,,,,,,,10.9325435,-85.78945416666667,,,,,
,,2022-07-13 08:03:42.307340,,,,,,,10.932553,-85.78944983333334,,,,,
,,2022-07-13 08:03:43.320935,,,,,,,10.932563166666666,-85.78944633333333,,,,,
,,2022-07-13 08:03:44.324000,,,,,,,10.932574166666667,-85.78944383333334,,,,,
,,2022-07-13 08:03:45.333735,,,,,,,10.932584666666667,-85.78944116666666,,,,,
,,2022-07-13 08:03:46.345192,,,,,,,10.9325945,-85.78943966666667,,,,,
,,2022-07-13 08:03:47.359108,,,,,,,10.932605333333333,-85.7894395,,,,,
,,2022-07-13 08:03:48.373574,,,,,,,10.932615666666667,-85.78943933333333,,,,,
,,2022-07-13 08:03:49.387708,,,,,,,10.932625833333333,-85.78943933333333,,,,,
,,2022-07-13 08:03:50.399711,,,,,,,10.932636166666667,-85.78943966666667,,,,,
,,2022-07-13 08:03:51.412354,,,,,,,10.932646666666667,-85.7894395,,,,,
,,2022-07-13 08:03:52.426150,,,,,,,10.932658166666666,-85.78944016666667,,,,,
,,2022-07-13 08:03:53.437426,,,,,,,10.932669833333334,-85.78944,,,,,
,,2022-07-13 08:03:54.441040,,,,,,,10.932681833333334,-85.7894395,,,,,
,,2022-07-13 08:03:55.453808,,,,,,,10.932693833333333,-85.789438,,,,,
,,2022-07-13 08:03:56.465102,,,,,,,10.932705,-85.78943383333333,,,,,
,,2022-07-13 08:03:57.473116,,,,,,,10.932715666666667,-85.78942866666667,,,,,
,,2022-07-13 08:03:58.484000,,,,,,,10.932726166666667,-85.78942266666667,,,,,
,,2022-07-13 08:03:59.493928,,,,,,,10.932735833333334,-85.7894155,,,,,
,,2022-07-13 08:04:00.502858,,,,,,,10.932744666666666,-85.78940633333333,,,,,
,,2022-07-13 08:04:01.510305,,,,,,,10.932753333333334,-85.789396,,,,,
,,2022-07-13 08:04:02.520467,,,,,,,10.932760833333333,-85.78938483333333,,,,,
,,2022-07-13 08:04:03.527258,,,,,,,10.9327675,-85.78937233333333,,,,,
,,2022-07-13 08:04:04.533808,,,,,,,10.9327735,-85.78935933333334,,,,,
,,2022-07-13 08:04:05.541750,,,,,,,10.932778833333334,-85.78934533333333,,,,,
,,2022-07-13 08:04:06.551321,,,,,,,10.9327835,-85.78933066666667,,,,,
,,2022-07-13 08:04:07.563598,,,,,,,10.932788333333333,-85.789316,,,,,
,,2022-07-13 08:04:08.568761,,,,,,,10.9327925,-85.78930116666666,,,,,
,,2022-07-13 08:04:09.574891,,,,,,,10.932796666666666,-85.78928583333334,,,,,
,,2022-07-13 08:04:10.582587,,,,,,,10.932801333333334,-85.78927,,,,,
,,2022-07-13 08:04:11.591621,,,,,,,10.932807,-85.789254,,,,,
,,2022-07-13 08:04:12.601996,,,,,,,10.932812166666666,-85.7892375,,,,,
,,2022-07-13 08:04:13.610149,,,,,,,10.932818,-85.78922066666667,,,,,
,,2022-07-13 08:04:14.618652,,,,,,,10.932823666666666,-85.7892045,,,,,
,,2022-07-13 08:04:15.628643,,,,,,,10.932830333333333,-85.78918883333333,,,,,
,,2022-07-13 08:04:16.636381,,,,,,,10.9328375,-85.7891725,,,,,
,,2022-07-13 08:04:17.649651,,,,,,,10.932843833333333,-85.7891565,,,,,
,,2022-07-13 08:04:18.650923,,,,,,,10.932850333333333,-85.78914066666667,,,,,
,,2022-07-13 08:04:19.661399,,,,,,,10.932856666666666,-85.78912483333333,,,,,
,,2022-07-13 08:04:20.675111,,,,,,,10.932863,-85.78910966666666,,,,,
,,2022-07-13 08:04:21.677582,,,,,,,10.932869166666666,-85.7890955,,,,,
,,2022-07-13 08:04:22.691230,,,,,,,10.9328765,-85.789082,,,,,
,,2022-07-13 08:04:23.692237,,,,,,,10.932885166666667,-85.78906816666667,,,,,
,,2022-07-13 08:04:24.703451,,,,,,,10.932893833333333,-85.7890545,,,,,
,,2022-07-13 08:04:25.716662,,,,,,,10.932901666666666,-85.78904033333333,,,,,
,,2022-07-13 08:04:26.731235,,,,,,,10.93291,-85.7890265,,,,,
,,2022-07-13 08:04:27.733259,,,,,,,10.932919,-85.78901366666666,,,,,
,,2022-07-13 08:04:28.747581,,,,,,,10.932928666666667,-85.78900183333333,,,,,
,,2022-07-13 08:04:29.748874,,,,,,,10.93294,-85.78899083333333,,,,,
,,2022-07-13 08:04:30.757527,,,,,,,10.932951166666667,-85.788981,,,,,
,,2022-07-13 08:04:31.767363,,,,,,,10.932962166666666,-85.78897166666667,,,,,
,,2022-07-13 08:04:32.776716,,,,,,,10.9329735,-85.78896366666666,,,,,
,,2022-07-13 08:04:33.786205,,,,,,,10.932984833333334,-85.78895666666666,,,,,
,,2022-07-13 08:04:34.799269,,,,,,,10.932996666666666,-85.78895083333333,,,,,
,,2022-07-13 08:04:35.806481,,,,,,,10.933008833333334,-85.7889455,,,,,
,,2022-07-13 08:04:36.807400,,,,,,,10.933021166666666,-85.78894166666667,,,,,
,,2022-07-13 08:04:37.817934,,,,,,,10.933033333333332,-85.78893783333334,,,,,
,,2022-07-13 08:04:38.828364,,,,,,,10.933045166666666,-85.78893366666667,,,,,
,,2022-07-13 08:04:39.839005,,,,,,,10.933057,-85.78892966666666,,,,,
,,2022-07-13 08:04:40.849231,,,,,,,10.9330695,-85.78892533333334,,,,,
,,2022-07-13 08:04:41.861103,,,,,,,10.933082166666667,-85.788921,,,,,
,,2022-07-13 08:04:42.867283,,,,,,,10.933095,-85.788916,,,,,
,,2022-07-13 08:04:43.888269,,,,,,,10.933107333333334,-85.7889095,,,,,
,,2022-07-13 08:04:44.898444,,,,,,,10.933118833333333,-85.78890183333333,,,,,
,,2022-07-13 08:04:45.909130,,,,,,,10.933129833333334,-85.78889266666667,,,,,
,,2022-07-13 08:04:46.918535,,,,,,,10.93314,-85.78888216666667,,,,,
,,2022-07-13 08:04:47.924066,,,,,,,10.933150833333332,-85.78887233333333,,,,,
,,2022-07-13 08:04:48.931060,,,,,,,10.9331615,-85.788861,,,,,
,,2022-07-13 08:04:49.936466,,,,,,,10.933172,-85.78885016666666,,,,,
,,2022-07-13 08:04:50.947560,,,,,,,10.933183,-85.78883933333333,,,,,
,,2022-07-13 08:04:51.961374,,,,,,,10.933194166666667,-85.78882833333333,,,,,
,,2022-07-13 08:04:52.963424,,,,,,,10.933205166666667,-85.78881666666666,,,,,
,,2022-07-13 08:04:53.971489,,,,,,,10.933215833333334,-85.78880483333333,,,,,
,,2022-07-13 08:04:54.982288,,,,,,,10.933226666666666,-85.788793,,,,,
,,2022-07-13 08:04:55.991729,,,,,,,10.933237666666667,-85.788781,,,,,
,,2022-07-13 08:04:57.002516,,,,,,,10.9332485,-85.7887685,,,,,
,,2022-07-13 08:04:58.009949,,,,,,,10.933259666666666,-85.78875683333334,,,,,
,,2022-07-13 08:04:59.014425,,,,,,,10.933271166666668,-85.78874516666667,,,,,
,,2022-07-13 08:05:00.023111,,,,,,,10.933283,-85.78873466666667,,,,,
,,2022-07-13 08:05:01.055647,,,,,,,10.933307833333334,-85.78871733333334,,,,,
,,2022-07-13 08:05:02.064990,,,,,,,10.933320333333333,-85.78871016666666,,,,,
,,2022-07-13 08:05:03.071992,,,,,,,10.933333,-85.78870333333333,,,,,
,,2022-07-13 08:05:04.077365,,,,,,,10.933346166666666,-85.78869783333333,,,,,
,,2022-07-13 08:05:05.082284,,,,,,,10.933359,-85.78869283333333,,,,,
,,2022-07-13 08:05:06.088093,,,,,,,10.933371666666666,-85.788688,,,,,
,,2022-07-13 08:05:07.100109,,,,,,,10.933383833333334,-85.78868383333334,,,,,
,,2022-07-13 08:05:08.102096,,,,,,,10.933396333333333,-85.78868133333333,,,,,
,,2022-07-13 08:05:09.102432,,,,,,,10.933408,-85.78867883333334,,,,,
,,2022-07-13 08:05:10.117017,,,,,,,10.9334195,-85.78867633333333,,,,,
,,2022-07-13 08:05:11.127635,,,,,,,10.933431666666667,-85.78867516666666,,,,,
,,2022-07-13 08:05:12.138538,,,,,,,10.933444166666666,-85.7886735,,,,,
,,2022-07-13 08:05:13.152562,,,,,,,10.9334565,-85.788673,,,,,
,,2022-07-13 08:05:14.164686,,,,,,,10.933468833333333,-85.78867316666667,,,,,
,,2022-07-13 08:05:15.171768,,,,,,,10.9334815,-85.78867383333333,,,,,
,,2022-07-13 08:05:16.182231,,,,,,,10.933493833333333,-85.7886745,,,,,
,,2022-07-13 08:05:17.188379,,,,,,,10.933506833333333,-85.7886765,,,,,
,,2022-07-13 08:05:18.194348,,,,,,,10.933519,-85.7886775,,,,,
,,2022-07-13 08:05:19.201188,,,,,,,10.933531,-85.7886785,,,,,
,,2022-07-13 08:05:20.210109,,,,,,,10.933543,-85.78868083333333,,,,,
,,2022-07-13 08:05:21.218434,,,,,,,10.933555333333333,-85.7886835,,,,,
,,2022-07-13 08:05:22.226413,,,,,,,10.933567,-85.7886865,,,,,
,,2022-07-13 08:05:23.236433,,,,,,,10.933578833333334,-85.78868916666667,,,,,
,,2022-07-13 08:05:24.244027,,,,,,,10.933590666666667,-85.788692,,,,,
,,2022-07-13 08:05:25.251357,,,,,,,10.933603,-85.78869516666667,,,,,
,,2022-07-13 08:05:26.263329,,,,,,,10.933615,-85.78869883333333,,,,,
,,2022-07-13 08:05:27.275825,,,,,,,10.933626666666667,-85.78870233333333,,,,,
,,2022-07-13 08:05:28.287009,,,,,,,10.9336385,-85.7887055,,,,,
,,2022-07-13 08:05:29.296253,,,,,,,10.933650333333333,-85.7887085,,,,,
,,2022-07-13 08:05:30.303678,,,,,,,10.933662166666666,-85.78871083333334,,,,,
,,2022-07-13 08:05:31.315375,,,,,,,10.933674,-85.7887125,,,,,
,,2022-07-13 08:05:32.329420,,,,,,,10.933686333333334,-85.78871466666666,,,,,
,,2022-07-13 08:05:33.339324,,,,,,,10.9337,-85.78871533333333,,,,,
,,2022-07-13 08:05:34.353886,,,,,,,10.933714166666666,-85.7887165,,,,,
,,2022-07-13 08:05:35.366381,,,,,,,10.9337285,-85.78871783333334,,,,,
,,2022-07-13 08:05:36.378437,,,,,,,10.933742833333334,-85.78871733333334,,,,,
,,2022-07-13 08:05:37.391217,,,,,,,10.933757,-85.78871716666667,,,,,
,,2022-07-13 08:05:38.398157,,,,,,,10.933771166666666,-85.78871533333333,,,,,
,,2022-07-13 08:05:39.405439,,,,,,,10.9337855,-85.78871216666667,,,,,
,,2022-07-13 08:05:40.410573,,,,,,,10.9338005,-85.788709,,,,,
,,2022-07-13 08:05:41.415832,,,,,,,10.933815666666666,-85.78870583333334,,,,,
,,2022-07-13 08:05:42.424583,,,,,,,10.933830833333333,-85.78870183333333,,,,,
,,2022-07-13 08:05:43.435425,,,,,,,10.933846166666667,-85.78869716666667,,,,,
,,2022-07-13 08:05:44.447961,,,,,,,10.933860833333334,-85.788692,,,,,
,,2022-07-13 08:05:45.460942,,,,,,,10.9338755,-85.78868683333333,,,,,
,,2022-07-13 08:05:48.584631,,,,,,,10.933919833333333,-85.78867416666667,,,,,
,,2022-07-13 08:05:49.591093,,,,,,,10.933934666666667,-85.78867183333334,,,,,
,,2022-07-13 08:05:50.603583,,,,,,,10.933949333333333,-85.78867,,,,,
,,2022-07-13 08:05:51.609047,,,,,,,10.933964166666666,-85.7886685,,,,,
,,2022-07-13 08:05:52.615365,,,,,,,10.933979,-85.78866733333334,,,,,
,,2022-07-13 08:05:53.622930,,,,,,,10.933993833333334,-85.78866633333334,,,,,
,,2022-07-13 08:05:54.633399,,,,,,,10.9340085,-85.788666,,,,,
,,2022-07-13 08:05:55.647123,,,,,,,10.934023333333334,-85.78866566666667,,,,,
,,2022-07-13 08:05:56.652541,,,,,,,10.9340385,-85.7886655,,,,,
,,2022-07-13 08:05:57.659688,,,,,,,10.934053666666667,-85.78866566666667,,,,,
,,2022-07-13 08:05:58.669465,,,,,,,10.934068666666667,-85.7886655,,,,,
,,2022-07-13 08:05:59.675811,,,,,,,10.9340835,-85.78866533333333,,,,,
,,2022-07-13 08:06:00.683535,,,,,,,10.934098166666667,-85.78866533333333,,,,,
,,2022-07-13 08:06:01.692052,,,,,,,10.934112833333334,-85.78866566666667,,,,,
,,2022-07-13 08:06:02.694184,,,,,,,10.934127333333333,-85.788666,,,,,
,,2022-07-13 08:06:03.707385,,,,,,,10.934142,-85.78866633333334,,,,,
,,2022-07-13 08:06:04.717692,,,,,,,10.934156666666667,-85.788667,,,,,
,,2022-07-13 08:06:05.732381,,,,,,,10.934171333333333,-85.78866783333334,,,,,
,,2022-07-13 08:06:06.742779,,,,,,,10.934186,-85.78866866666667,,,,,
,,2022-07-13 08:06:07.755470,,,,,,,10.934200833333334,-85.78866916666666,,,,,
,,2022-07-13 08:06:08.767727,,,,,,,10.934215166666666,-85.78866933333333,,,,,
,,2022-07-13 08:06:09.776878,,,,,,,10.9342295,-85.788669,,,,,
,,2022-07-13 08:06:10.787417,,,,,,,10.934244,-85.78866766666667,,,,,
,,2022-07-13 08:06:11.795333,,,,,,,10.9342585,-85.78866683333334,,,,,
,,2022-07-13 08:06:12.806477,,,,,,,10.934273166666667,-85.78866583333334,,,,,
,,2022-07-13 08:06:13.815695,,,,,,,10.934287666666666,-85.78866433333333,,,,,
,,2022-07-13 08:06:14.827687,,,,,,,10.934302166666667,-85.788662,,,,,
,,2022-07-13 08:06:15.828448,,,,,,,10.934316666666666,-85.78866,,,,,
,,2022-07-13 08:06:16.837496,,,,,,,10.934331166666666,-85.78865866666666,,,,,
,,2022-07-13 08:06:17.851550,,,,,,,10.9343455,-85.78865633333334,,,,,
,,2022-07-13 08:06:18.860052,,,,,,,10.934359833333334,-85.78865383333333,,,,,
,,2022-07-13 08:06:19.874133,,,,,,,10.934373833333334,-85.78865166666667,,,,,
,,2022-07-13 08:06:20.888700,,,,,,,10.934388,-85.788649,,,,,
,,2022-07-13 08:06:21.889012,,,,,,,10.934402166666667,-85.7886465,,,,,
,,2022-07-13 08:06:22.901673,,,,,,,10.9344165,-85.788645,,,,,
,,2022-07-13 08:06:23.901804,,,,,,,10.934430833333334,-85.78864416666667,,,,,
,,2022-07-13 08:06:24.915328,,,,,,,10.9344455,-85.78864333333334,,,,,
,,2022-07-13 08:06:25.924193,,,,,,,10.934459833333333,-85.788642,,,,,
,,2022-07-13 08:06:26.930496,,,,,,,10.934474666666667,-85.78864066666667,,,,,
,,2022-07-13 08:06:27.936972,,,,,,,10.9344895,-85.78863916666667,,,,,
,,2022-07-13 08:06:28.942615,,,,,,,10.934505166666666,-85.78863833333334,,,,,
,,2022-07-13 08:06:29.951503,,,,,,,10.934521166666666,-85.78863783333334,,,,,
,,2022-07-13 08:06:30.965710,,,,,,,10.934537166666667,-85.78863733333333,,,,,
,,2022-07-13 08:06:31.972222,,,,,,,10.934553333333334,-85.78863666666666,,,,,
,,2022-07-13 08:06:32.979419,,,,,,,10.934569166666666,-85.788635,,,,,
,,2022-07-13 08:06:33.986286,,,,,,,10.934585,-85.78863266666667,,,,,
,,2022-07-13 08:06:34.998051,,,,,,,10.934601,-85.78863083333333,,,,,
,,2022-07-13 08:06:36.007478,,,,,,,10.9346165,-85.788629,,,,,
,,2022-07-13 08:06:37.019299,,,,,,,10.934632,-85.788626,,,,,
,,2022-07-13 08:06:38.044257,,,,,,,10.934662333333334,-85.78861716666667,,,,,
,,2022-07-13 08:06:39.050545,,,,,,,10.934677333333333,-85.78861266666667,,,,,
,,2022-07-13 08:06:40.060064,,,,,,,10.9346925,-85.78860766666666,,,,,
,,2022-07-13 08:06:41.069917,,,,,,,10.934707666666666,-85.78860216666666,,,,,
,,2022-07-13 08:06:42.085070,,,,,,,10.934722833333334,-85.78859683333333,,,,,
,,2022-07-13 08:06:43.097854,,,,,,,10.934737833333333,-85.78859183333333,,,,,
,,2022-07-13 08:06:44.108401,,,,,,,10.934753166666667,-85.7885865,,,,,
,,2022-07-13 08:06:45.118949,,,,,,,10.934768833333333,-85.78858166666667,,,,,
,,2022-07-13 08:06:46.131391,,,,,,,10.934784333333333,-85.78857683333334,,,,,
,,2022-07-13 08:06:47.140776,,,,,,,10.934799833333333,-85.78857133333334,,,,,
,,2022-07-13 08:06:48.149451,,,,,,,10.934815166666667,-85.788566,,,,,
,,2022-07-13 08:06:49.159146,,,,,,,10.9348305,-85.78856,,,,,
,,2022-07-13 08:06:50.167303,,,,,,,10.934845833333334,-85.78855366666667,,,,,
,,2022-07-13 08:06:51.173457,,,,,,,10.934861166666666,-85.78854716666666,,,,,
,,2022-07-13 08:06:52.184082,,,,,,,10.9348765,-85.78854083333333,,,,,
,,2022-07-13 08:06:53.191498,,,,,,,10.9348915,-85.78853383333333,,,,,
,,2022-07-13 08:06:54.200104,,,,,,,10.934906166666666,-85.78852616666667,,,,,
,,2022-07-13 08:06:55.213608,,,,,,,10.934921,-85.78851883333333,,,,,
,,2022-07-13 08:06:56.225827,,,,,,,10.934936166666667,-85.78851183333333,,,,,
,,2022-07-13 08:06:57.234342,,,,,,,10.934951333333334,-85.78850616666666,,,,,
,,2022-07-13 08:06:58.244024,,,,,,,10.934967,-85.788501,,,,,
,,2022-07-13 08:06:59.255231,,,,,,,10.9349825,-85.78849683333334,,,,,
,,2022-07-13 08:07:00.264149,,,,,,,10.934998333333333,-85.78849283333334,,,,,
,,2022-07-13 08:07:01.269214,,,,,,,10.935014166666667,-85.78848966666666,,,,,
,,2022-07-13 08:07:02.276079,,,,,,,10.935030166666667,-85.78848783333333,,,,,
,,2022-07-13 08:07:03.283332,,,,,,,10.9350465,-85.78848616666667,,,,,
,,2022-07-13 08:07:04.296198,,,,,,,10.935062666666667,-85.78848533333333,,,,,
,,2022-07-13 08:07:05.310255,,,,,,,10.935078833333334,-85.7884845,,,,,
,,2022-07-13 08:07:06.315856,,,,,,,10.935095166666667,-85.788484,,,,,
,,2022-07-13 08:07:07.321104,,,,,,,10.935111666666666,-85.788484,,,,,
,,2022-07-13 08:07:08.325950,,,,,,,10.935127666666666,-85.7884835,,,,,
,,2022-07-13 08:07:09.335708,,,,,,,10.935144,-85.78848283333333,,,,,
,,2022-07-13 08:07:10.335801,,,,,,,10.935159833333334,-85.78848183333334,,,,,
,,2022-07-13 08:07:11.336092,,,,,,,10.9351755,-85.78848066666667,,,,,
,,2022-07-13 08:07:12.347879,,,,,,,10.935191166666666,-85.78847916666666,,,,,
,,2022-07-13 08:07:13.357204,,,,,,,10.935207333333333,-85.788479,,,,,
,,2022-07-13 08:07:14.369316,,,,,,,10.935223666666667,-85.7884795,,,,,
,,2022-07-13 08:07:15.380599,,,,,,,10.935239833333334,-85.78847983333333,,,,,
,,2022-07-13 08:07:16.393600,,,,,,,10.9352555,-85.7884805,,,,,
,,2022-07-13 08:07:17.403322,,,,,,,10.935271166666666,-85.78848166666667,,,,,
,,2022-07-13 08:07:18.417943,,,,,,,10.935286833333333,-85.78848316666667,,,,,
,,2022-07-13 08:07:19.418002,,,,,,,10.9353025,-85.78848383333333,,,,,
,,2022-07-13 08:07:20.430116,,,,,,,10.935318666666667,-85.788485,,,,,
,,2022-07-13 08:07:21.441047,,,,,,,10.935334666666666,-85.78848633333334,,,,,
,,2022-07-13 08:07:22.454202,,,,,,,10.935351,-85.78848733333334,,,,,
,,2022-07-13 08:07:23.458663,,,,,,,10.935367333333334,-85.7884895,,,,,
,,2022-07-13 08:07:24.471731,,,,,,,10.935383666666667,-85.78849166666667,,,,,
,,2022-07-13 08:07:25.480833,,,,,,,10.935399833333333,-85.78849433333333,,,,,
,,2022-07-13 08:07:26.493490,,,,,,,10.935416166666666,-85.78849683333334,,,,,
,,2022-07-13 08:07:27.494815,,,,,,,10.935432166666667,-85.78849966666667,,,,,
,,2022-07-13 08:07:28.507501,,,,,,,10.935448333333333,-85.78850266666667,,,,,
,,2022-07-13 08:07:29.518876,,,,,,,10.9354645,-85.78850566666667,,,,,
,,2022-07-13 08:07:30.525335,,,,,,,10.935480833333333,-85.788509,,,,,
,,2022-07-13 08:07:31.537942,,,,,,,10.935496666666667,-85.7885135,,,,,
,,2022-07-13 08:07:32.549042,,,,,,,10.935512166666667,-85.78851866666666,,,,,
,,2022-07-13 08:07:33.561529,,,,,,,10.935527333333333,-85.7885245,,,,,
,,2022-07-13 08:07:34.566907,,,,,,,10.935542,-85.788531,,,,,
,,2022-07-13 08:07:35.572100,,,,,,,10.935556166666666,-85.78853766666667,,,,,
,,2022-07-13 08:07:36.577992,,,,,,,10.93557,-85.78854466666667,,,,,
,,2022-07-13 08:07:37.585613,,,,,,,10.935583666666666,-85.788552,,,,,
,,2022-07-13 08:07:38.593380,,,,,,,10.9355975,-85.78855983333334,,,,,
,,2022-07-13 08:07:39.600583,,,,,,,10.935611166666666,-85.78856766666667,,,,,
,,2022-07-13 08:07:40.607710,,,,,,,10.9356245,-85.78857566666667,,,,,
,,2022-07-13 08:07:41.612907,,,,,,,10.935637833333333,-85.78858383333333,,,,,
,,2022-07-13 08:07:42.620310,,,,,,,10.935650833333334,-85.78859166666666,,,,,
,,2022-07-13 08:07:43.629825,,,,,,,10.9356635,-85.7886,,,,,
,,2022-07-13 08:07:44.642637,,,,,,,10.935676333333333,-85.78860916666666,,,,,
,,2022-07-13 08:07:45.653731,,,,,,,10.935688833333334,-85.7886185,,,,,
,,2022-07-13 08:07:46.665262,,,,,,,10.935701,-85.7886275,,,,,
,,2022-07-13 08:07:47.677600,,,,,,,10.935712666666667,-85.7886375,,,,,
,,2022-07-13 08:07:48.688316,,,,,,,10.9357245,-85.78864816666666,,,,,
,,2022-07-13 08:07:49.700110,,,,,,,10.935736333333333,-85.78865883333333,,,,,
,,2022-07-13 08:07:50.713186,,,,,,,10.935747333333333,-85.78866933333333,,,,,
,,2022-07-13 08:07:51.726678,,,,,,,10.935757833333334,-85.78868,,,,,
,,2022-07-13 08:07:52.740528,,,,,,,10.935768666666666,-85.788691,,,,,
,,2022-07-13 08:07:53.750153,,,,,,,10.935779166666666,-85.7887025,,,,,
,,2022-07-13 08:07:54.750976,,,,,,,10.9357895,-85.78871433333333,,,,,
,,2022-07-13 08:07:55.763743,,,,,,,10.935799666666666,-85.78872633333333,,,,,
,,2022-07-13 08:07:56.764338,,,,,,,10.9358095,-85.78873816666666,,,,,
,,2022-07-13 08:07:57.778203,,,,,,,10.935819666666667,-85.78874983333333,,,,,
,,2022-07-13 08:07:58.779041,,,,,,,10.935829166666666,-85.788762,,,,,
,,2022-07-13 08:07:59.791227,,,,,,,10.935838166666667,-85.78877416666667,,,,,
,,2022-07-13 08:08:00.798902,,,,,,,10.935847333333333,-85.78878666666667,,,,,
,,2022-07-13 08:08:01.800436,,,,,,,10.935856,-85.78879966666666,,,,,
,,2022-07-13 08:08:02.801430,,,,,,,10.935864166666667,-85.7888125,,,,,
,,2022-07-13 08:08:03.812419,,,,,,,10.935871333333333,-85.78882533333334,,,,,
,,2022-07-13 08:08:04.822884,,,,,,,10.935877666666666,-85.788838,,,,,
,,2022-07-13 08:08:05.836421,,,,,,,10.9358845,-85.78885133333333,,,,,
,,2022-07-13 08:08:06.851111,,,,,,,10.935891,-85.7888655,,,,,
,,2022-07-13 08:08:07.863233,,,,,,,10.935896666666666,-85.78888,,,,,
,,2022-07-13 08:08:08.875532,,,,,,,10.935903166666666,-85.7888955,,,,,
,,2022-07-13 08:08:09.881112,,,,,,,10.93591,-85.788911,,,,,
,,2022-07-13 08:08:10.886677,,,,,,,10.935917,-85.78892666666667,,,,,
,,2022-07-13 08:08:11.893626,,,,,,,10.9359245,-85.7889425,,,,,
,,2022-07-13 08:08:12.898329,,,,,,,10.9359325,-85.78896016666667,,,,,
,,2022-07-13 08:08:13.908776,,,,,,,10.935940166666667,-85.78897683333334,,,,,
,,2022-07-13 08:08:14.914233,,,,,,,10.935949166666667,-85.78899483333333,,,,,
,,2022-07-13 08:08:15.922375,,,,,,,10.935958333333334,-85.78901316666666,,,,,
,,2022-07-13 08:08:16.929550,,,,,,,10.935967666666667,-85.789031,,,,,
,,2022-07-13 08:08:17.935895,,,,,,,10.935978333333333,-85.7890485,,,,,
,,2022-07-13 08:08:21.261967,,,,,,,10.936023666666667,-85.7891165,,,,,
,,2022-07-13 08:08:22.270050,,,,,,,10.936037,-85.78913233333333,,,,,
,,2022-07-13 08:08:23.270207,,,,,,,10.936050833333333,-85.7891475,,,,,
,,2022-07-13 08:08:24.278323,,,,,,,10.936065333333334,-85.78916183333334,,,,,
,,2022-07-13 08:08:25.285694,,,,,,,10.936079666666666,-85.78917566666667,,,,,
,,2022-07-13 08:08:26.295922,,,,,,,10.936094333333333,-85.78919,,,,,
,,2022-07-13 08:08:27.308914,,,,,,,10.936109,-85.7892035,,,,,
,,2022-07-13 08:08:28.320323,,,,,,,10.936124333333334,-85.78921683333333,,,,,
,,2022-07-13 08:08:29.328923,,,,,,,10.936139666666667,-85.78923,,,,,
,,2022-07-13 08:08:30.331649,,,,,,,10.9361555,-85.7892435,,,,,
,,2022-07-13 08:08:31.345339,,,,,,,10.936171333333334,-85.7892565,,,,,
,,2022-07-13 08:08:32.354590,,,,,,,10.9361875,-85.789269,,,,,
,,2022-07-13 08:08:33.361900,,,,,,,10.936203333333333,-85.789282,,,,,
,,2022-07-13 08:08:34.369762,,,,,,,10.9362195,-85.78929533333333,,,,,
,,2022-07-13 08:08:35.384490,,,,,,,10.936235333333334,-85.78930833333334,,,,,
,,2022-07-13 08:08:36.393933,,,,,,,10.9362515,-85.78932066666667,,,,,
,,2022-07-13 08:08:37.405653,,,,,,,10.9362675,-85.7893335,,,,,
,,2022-07-13 08:08:38.407801,,,,,,,10.936283833333333,-85.78934583333333,,,,,
,,2022-07-13 08:08:39.420385,,,,,,,10.9362995,-85.78935883333334,,,,,
,,2022-07-13 08:08:40.433467,,,,,,,10.936315,-85.78937166666667,,,,,
,,2022-07-13 08:08:41.448756,,,,,,,10.936330833333333,-85.78938416666666,,,,,
,,2022-07-13 08:08:42.463758,,,,,,,10.936347166666666,-85.78939683333333,,,,,
,,2022-07-13 08:08:43.464071,,,,,,,10.936363666666667,-85.7894095,,,,,
,,2022-07-13 08:08:44.470818,,,,,,,10.936380666666667,-85.78942233333333,,,,,
,,2022-07-13 08:08:45.475562,,,,,,,10.936398,-85.789435,,,,,
,,2022-07-13 08:08:46.482133,,,,,,,10.936415666666667,-85.7894465,,,,,
,,2022-07-13 08:08:47.490536,,,,,,,10.936433666666666,-85.78945666666667,,,,,
,,2022-07-13 08:08:48.501110,,,,,,,10.9364515,-85.78946633333334,,,,,
,,2022-07-13 08:08:49.507614,,,,,,,10.936469333333333,-85.78947533333333,,,,,
,,2022-07-13 08:08:50.515885,,,,,,,10.936488166666667,-85.78948483333333,,,,,
,,2022-07-13 08:08:51.522642,,,,,,,10.936507666666667,-85.78949433333334,,,,,
,,2022-07-13 08:08:52.534348,,,,,,,10.936526833333334,-85.78950433333333,,,,,
,,2022-07-13 08:08:53.546734,,,,,,,10.936545166666667,-85.7895145,,,,,
,,2022-07-13 08:08:54.555351,,,,,,,10.936563166666666,-85.78952383333333,,,,,
,,2022-07-13 08:08:55.563541,,,,,,,10.9365825,-85.78953266666667,,,,,
,,2022-07-13 08:08:56.576293,,,,,,,10.936602,-85.78954133333333,,,,,
,,2022-07-13 08:08:57.587417,,,,,,,10.936620833333333,-85.789551,,,,,
,,2022-07-13 08:08:58.596406,,,,,,,10.936640833333334,-85.78955933333333,,,,,
,,2022-07-13 08:08:59.608151,,,,,,,10.936660833333333,-85.78956633333334,,,,,
,,2022-07-13 08:09:00.617762,,,,,,,10.936681333333333,-85.7895735,,,,,
,,2022-07-13 08:09:01.632149,,,,,,,10.936701333333334,-85.78958016666667,,,,,
,,2022-07-13 08:09:02.644345,,,,,,,10.936721166666667,-85.78958633333333,,,,,
,,2022-07-13 08:09:03.644975,,,,,,,10.936741333333334,-85.78959183333333,,,,,
,,2022-07-13 08:09:04.660180,,,,,,,10.936761333333333,-85.78959766666667,,,,,
,,2022-07-13 08:09:05.671184,,,,,,,10.936781833333333,-85.78960333333333,,,,,
,,2022-07-13 08:09:06.677845,,,,,,,10.9368025,-85.78960916666666,,,,,
,,2022-07-13 08:09:07.692754,,,,,,,10.936823333333333,-85.78961483333333,,,,,
,,2022-07-13 08:09:08.702270,,,,,,,10.936844,-85.78962,,,,,
,,2022-07-13 08:09:09.705391,,,,,,,10.936864333333334,-85.7896255,,,,,
,,2022-07-13 08:09:10.717807,,,,,,,10.936885,-85.78963083333333,,,,,
,,2022-07-13 08:09:11.732682,,,,,,,10.9369055,-85.78963683333333,,,,,
,,2022-07-13 08:09:12.743351,,,,,,,10.936926,-85.789643,,,,,
,,2022-07-13 08:09:13.745144,,,,,,,10.936946666666667,-85.78964916666666,,,,,
,,2022-07-13 08:09:14.745566,,,,,,,10.936966833333333,-85.78965583333333,,,,,
,,2022-07-13 08:09:15.756442,,,,,,,10.936986166666667,-85.78966266666667,,,,,
,,2022-07-13 08:09:16.759047,,,,,,,10.937005666666666,-85.78967,,,,,
,,2022-07-13 08:09:17.764438,,,,,,,10.937025333333333,-85.78967766666666,,,,,
,,2022-07-13 08:09:18.769740,,,,,,,10.937044333333333,-85.78968533333334,,,,,
,,2022-07-13 08:09:19.776688,,,,,,,10.9370635,-85.7896925,,,,,
,,2022-07-13 08:09:20.782206,,,,,,,10.937082833333333,-85.7897,,,,,
,,2022-07-13 08:09:21.793421,,,,,,,10.937102166666667,-85.78970733333334,,,,,
,,2022-07-13 08:09:22.804883,,,,,,,10.937121,-85.78971433333334,,,,,
,,2022-07-13 08:09:23.812823,,,,,,,10.9371405,-85.789722,,,,,
,,2022-07-13 08:09:24.819340,,,,,,,10.937159833333334,-85.78972916666666,,,,,
,,2022-07-13 08:09:25.828700,,,,,,,10.937179333333333,-85.789736,,,,,
,,2022-07-13 08:09:26.836777,,,,,,,10.937198833333333,-85.78974383333333,,,,,
,,2022-07-13 08:09:27.849149,,,,,,,10.9372185,-85.78975216666667,,,,,
,,2022-07-13 08:09:28.850128,,,,,,,10.937238,-85.78976066666667,,,,,
,,2022-07-13 08:09:29.858186,,,,,,,10.937257333333333,-85.7897695,,,,,
,,2022-07-13 08:09:30.869601,,,,,,,10.937276333333333,-85.7897775,,,,,
,,2022-07-13 08:09:31.879524,,,,,,,10.937295166666667,-85.78978566666666,,,,,
,,2022-07-13 08:09:32.889617,,,,,,,10.937314166666667,-85.78979316666667,,,,,
,,2022-07-13 08:09:33.902749,,,,,,,10.937333333333333,-85.78980016666667,,,,,
,,2022-07-13 08:09:34.910847,,,,,,,10.9373525,-85.78980716666666,,,,,
,,2022-07-13 08:09:35.924234,,,,,,,10.937372166666666,-85.78981416666667,,,,,
,,2022-07-13 08:09:36.934191,,,,,,,10.937392166666667,-85.789822,,,,,
,,2022-07-13 08:09:37.946282,,,,,,,10.9374115,-85.78982883333333,,,,,
,,2022-07-13 08:09:38.956140,,,,,,,10.937432166666667,-85.7898375,,,,,
,,2022-07-13 08:09:39.967509,,,,,,,10.937452,-85.78984533333333,,,,,
,,2022-07-13 08:09:40.975949,,,,,,,10.937471166666667,-85.7898515,,,,,
,,2022-07-13 08:09:41.987482,,,,,,,10.937489833333334,-85.78985666666667,,,,,
,,2022-07-13 08:09:42.999074,,,,,,,10.9375085,-85.78986133333333,,,,,
,,2022-07-13 08:09:44.000167,,,,,,,10.9375265,-85.78986566666667,,,,,
,,2022-07-13 08:09:45.012867,,,,,,,10.937543333333334,-85.78987016666666,,,,,
,,2022-07-13 08:09:46.032761,,,,,,,10.937577333333333,-85.78987783333334,,,,,
,,2022-07-13 08:09:47.047227,,,,,,,10.937594333333333,-85.7898815,,,,,
,,2022-07-13 08:09:48.050747,,,,,,,10.9376105,-85.78988533333333,,,,,
,,2022-07-13 08:09:49.062816,,,,,,,10.937627166666667,-85.78988916666667,,,,,
,,2022-07-13 08:09:50.073594,,,,,,,10.9376435,-85.789893,,,,,
,,2022-07-13 08:09:51.085214,,,,,,,10.93766,-85.7898965,,,,,
,,2022-07-13 08:09:52.100113,,,,,,,10.937676666666666,-85.78990066666667,,,,,
,,2022-07-13 08:09:53.106291,,,,,,,10.937693666666666,-85.78990516666667,,,,,
,,2022-07-13 08:09:54.114160,,,,,,,10.937711333333333,-85.78990883333333,,,,,
,,2022-07-13 08:09:55.120907,,,,,,,10.937728166666666,-85.7899125,,,,,
,,2022-07-13 08:09:56.127123,,,,,,,10.937745,-85.7899165,,,,,
,,2022-07-13 08:09:57.136511,,,,,,,10.937762,-85.78992033333333,,,,,
,,2022-07-13 08:09:58.143767,,,,,,,10.937779,-85.78992433333333,,,,,
,,2022-07-13 08:09:59.148905,,,,,,,10.9377955,-85.78992783333334,,,,,
,,2022-07-13 08:10:00.155629,,,,,,,10.937811666666667,-85.78993166666666,,,,,
,,2022-07-13 08:10:01.162074,,,,,,,10.937828166666666,-85.78993666666666,,,,,
,,2022-07-13 08:10:02.168893,,,,,,,10.937844666666667,-85.78994216666666,,,,,
,,2022-07-13 08:10:03.183510,,,,,,,10.937860666666667,-85.789948,,,,,
,,2022-07-13 08:10:04.194010,,,,,,,10.937876166666667,-85.78995416666666,,,,,
,,2022-07-13 08:10:05.204085,,,,,,,10.937890666666666,-85.78996033333334,,,,,
,,2022-07-13 08:10:06.214247,,,,,,,10.937904166666666,-85.78996516666666,,,,,
,,2022-07-13 08:10:07.222842,,,,,,,10.937916833333333,-85.78997033333333,,,,,
,,2022-07-13 08:10:08.233873,,,,,,,10.937929333333333,-85.78997533333333,,,,,
,,2022-07-13 08:10:09.243535,,,,,,,10.937940833333334,-85.78997983333333,,,,,
,,2022-07-13 08:10:10.256948,,,,,,,10.937952333333333,-85.78998433333334,,,,,
,,2022-07-13 08:10:11.266795,,,,,,,10.937963166666666,-85.7899885,,,,,
,,2022-07-13 08:10:12.280579,,,,,,,10.937974,-85.789992,,,,,
,,2022-07-13 08:10:13.292464,,,,,,,10.937983666666666,-85.7899945,,,,,
,,2022-07-13 08:10:14.306294,,,,,,,10.937993166666667,-85.78999666666667,,,,,
,,2022-07-13 08:10:15.307011,,,,,,,10.938002166666667,-85.78999883333333,,,,,
,,2022-07-13 08:10:16.317817,,,,,,,10.938011333333334,-85.79000233333333,,,,,
,,2022-07-13 08:10:17.328186,,,,,,,10.938020333333334,-85.79000616666667,,,,,
,,2022-07-13 08:10:18.330105,,,,,,,10.938028166666667,-85.79001,,,,,
,,2022-07-13 08:10:19.342537,,,,,,,10.938035333333334,-85.79001333333333,,,,,
,,2022-07-13 08:10:20.351744,,,,,,,10.938042,-85.79001683333334,,,,,
,,2022-07-13 08:10:21.361281,,,,,,,10.938048333333333,-85.79002033333333,,,,,
,,2022-07-13 08:10:22.376224,,,,,,,10.938053666666667,-85.79002316666667,,,,,
,,2022-07-13 08:10:23.389794,,,,,,,10.9380585,-85.7900255,,,,,
,,2022-07-13 08:10:24.390752,,,,,,,10.938062,-85.790028,,,,,
,,2022-07-13 08:10:25.405245,,,,,,,10.938066,-85.79003083333333,,,,,
,,2022-07-13 08:10:26.419706,,,,,,,10.938068833333332,-85.79003283333333,,,,,
,,2022-07-13 08:10:27.429687,,,,,,,10.938071666666668,-85.79003483333334,,,,,
,,2022-07-13 08:10:28.438210,,,,,,,10.938073333333334,-85.79003633333333,,,,,
,,2022-07-13 08:10:29.446498,,,,,,,10.938074166666667,-85.79003733333333,,,,,
,,2022-07-13 08:10:30.452155,,,,,,,10.9380745,-85.79003816666666,,,,,
,,2022-07-13 08:10:31.461913,,,,,,,10.938075166666666,-85.79003833333333,,,,,
,,2022-07-13 08:10:32.469750,,,,,,,10.9380755,-85.7900385,,,,,
,,2022-07-13 08:10:33.475620,,,,,,,10.938075833333333,-85.79003883333333,,,,,
,,2022-07-13 08:10:34.481769,,,,,,,10.938077333333334,-85.79003983333334,,,,,
,,2022-07-13 08:10:35.489238,,,,,,,10.938078833333334,-85.79004083333334,,,,,
,,2022-07-13 08:10:36.503888,,,,,,,10.938080666666666,-85.790043,,,,,
,,2022-07-13 08:10:37.514180,,,,,,,10.938083666666667,-85.79004633333334,,,,,
,,2022-07-13 08:10:38.527057,,,,,,,10.938088,-85.790052,,,,,
,,2022-07-13 08:10:39.540438,,,,,,,10.938092666666666,-85.7900595,,,,,
,,2022-07-13 08:10:40.552310,,,,,,,10.938097166666667,-85.79006866666667,,,,,
,,2022-07-13 08:10:41.561403,,,,,,,10.938101166666666,-85.79007866666667,,,,,
,,2022-07-13 08:10:42.574810,,,,,,,10.938105,-85.79009,,,,,
,,2022-07-13 08:10:43.585265,,,,,,,10.9381075,-85.79010383333333,,,,,
,,2022-07-13 08:10:44.598021,,,,,,,10.938109333333333,-85.79012016666667,,,,,
,,2022-07-13 08:10:45.611810,,,,,,,10.93811,-85.79013883333333,,,,,
,,2022-07-13 08:10:46.627114,,,,,,,10.93811,-85.79015866666667,,,,,
,,2022-07-13 08:10:47.638267,,,,,,,10.938108333333334,-85.79017983333334,,,,,
,,2022-07-13 08:10:48.651527,,,,,,,10.938104666666666,-85.79020183333333,,,,,
,,2022-07-13 08:10:49.661558,,,,,,,10.938099666666666,-85.790225,,,,,
,,2022-07-13 08:10:50.674840,,,,,,,10.938095166666667,-85.790249,,,,,
,,2022-07-13 08:10:51.689844,,,,,,,10.938090666666668,-85.79027366666666,,,,,
,,2022-07-13 08:10:52.699940,,,,,,,10.938085833333334,-85.79029833333334,,,,,
,,2022-07-13 08:10:53.701189,,,,,,,10.938081166666667,-85.79032333333333,,,,,
,,2022-07-13 08:10:54.714644,,,,,,,10.938076666666667,-85.79034866666667,,,,,
,,2022-07-13 08:10:55.716852,,,,,,,10.9380715,-85.79037416666667,,,,,
,,2022-07-13 08:10:56.726152,,,,,,,10.938066166666667,-85.79040016666667,,,,,
,,2022-07-13 08:10:57.737498,,,,,,,10.938061666666666,-85.79042683333333,,,,,
,,2022-07-13 08:10:58.750935,,,,,,,10.9380575,-85.79045283333333,,,,,
,,2022-07-13 08:10:59.765350,,,,,,,10.938053333333333,-85.79047916666667,,,,,
,,2022-07-13 08:11:00.773611,,,,,,,10.938049333333334,-85.79050516666666,,,,,
,,2022-07-13 08:11:01.779219,,,,,,,10.938045833333334,-85.790531,,,,,
,,2022-07-13 08:11:02.794960,,,,,,,10.9380425,-85.790557,,,,,
,,2022-07-13 08:11:03.805115,,,,,,,10.938038333333333,-85.7905825,,,,,
,,2022-07-13 08:11:04.811906,,,,,,,10.9380345,-85.7906085,,,,,
,,2022-07-13 08:11:05.820952,,,,,,,10.938030333333334,-85.79063383333333,,,,,
,,2022-07-13 08:11:06.833428,,,,,,,10.938025666666666,-85.7906585,,,,,
,,2022-07-13 08:11:07.840695,,,,,,,10.938021166666667,-85.7906835,,,,,
,,2022-07-13 08:11:08.864416,,,,,,,10.938016833333334,-85.7907085,,,,,
,,2022-07-13 08:11:09.870233,,,,,,,10.9380125,-85.79073383333333,,,,,
,,2022-07-13 08:11:10.877471,,,,,,,10.938008,-85.79076033333334,,,,,
,,2022-07-13 08:11:11.886505,,,,,,,10.938004166666667,-85.79078816666667,,,,,
,,2022-07-13 08:11:12.900184,,,,,,,10.938000666666667,-85.79081616666667,,,,,
,,2022-07-13 08:11:13.912396,,,,,,,10.937997333333334,-85.790845,,,,,
,,2022-07-13 08:11:14.924010,,,,,,,10.937993833333334,-85.79087333333334,,,,,
,,2022-07-13 08:11:15.935530,,,,,,,10.9379905,-85.7909015,,,,,
,,2022-07-13 08:11:16.950144,,,,,,,10.937986666666667,-85.79093066666667,,,,,
,,2022-07-13 08:11:17.960420,,,,,,,10.937982166666666,-85.79095983333333,,,,,
,,2022-07-13 08:11:18.974883,,,,,,,10.937977666666667,-85.79098866666666,,,,,
,,2022-07-13 08:11:19.975013,,,,,,,10.937973833333333,-85.79101716666666,,,,,
,,2022-07-13 08:11:20.982687,,,,,,,10.937968833333333,-85.79104583333333,,,,,
,,2022-07-13 08:11:21.983128,,,,,,,10.937964666666666,-85.7910745,,,,,
,,2022-07-13 08:11:22.992253,,,,,,,10.937960666666667,-85.79110383333334,,,,,
,,2022-07-13 08:11:24.004920,,,,,,,10.937956666666667,-85.791133,,,,,
,,2022-07-13 08:11:25.037485,,,,,,,10.937948666666667,-85.7911915,,,,,
,,2022-07-13 08:11:26.039981,,,,,,,10.937944666666667,-85.791221,,,,,
,,2022-07-13 08:11:27.044346,,,,,,,10.937940833333334,-85.791251,,,,,
,,2022-07-13 08:11:28.055684,,,,,,,10.9379365,-85.79128066666667,,,,,
,,2022-07-13 08:11:29.055811,,,,,,,10.937932333333332,-85.79131033333333,,,,,
,,2022-07-13 08:11:30.065924,,,,,,,10.937927666666667,-85.79134,,,,,
,,2022-07-13 08:11:31.068897,,,,,,,10.937923166666666,-85.79137,,,,,
,,2022-07-13 08:11:32.080750,,,,,,,10.937918833333333,-85.7914,,,,,
,,2022-07-13 08:11:33.083066,,,,,,,10.937915833333333,-85.79142983333334,,,,,
,,2022-07-13 08:11:34.087095,,,,,,,10.937911833333333,-85.7914595,,,,,
,,2022-07-13 08:11:35.101155,,,,,,,10.937907166666667,-85.79148916666666,,,,,
,,2022-07-13 08:11:36.112791,,,,,,,10.937902666666666,-85.791519,,,,,
,,2022-07-13 08:11:37.120466,,,,,,,10.937898666666667,-85.79154866666667,,,,,
,,2022-07-13 08:11:38.126828,,,,,,,10.937895166666667,-85.79157866666667,,,,,
,,2022-07-13 08:11:39.134321,,,,,,,10.9378915,-85.7916085,,,,,
,,2022-07-13 08:11:40.143180,,,,,,,10.937887333333334,-85.79163883333334,,,,,
,,2022-07-13 08:11:41.143204,,,,,,,10.937884,-85.79166833333333,,,,,
,,2022-07-13 08:11:42.149338,,,,,,,10.9378815,-85.79169816666666,,,,,
,,2022-07-13 08:11:43.156288,,,,,,,10.937878333333334,-85.791728,,,,,
,,2022-07-13 08:11:44.162338,,,,,,,10.9378755,-85.791758,,,,,
,,2022-07-13 08:11:45.176465,,,,,,,10.9378725,-85.79178766666666,,,,,
,,2022-07-13 08:11:46.192038,,,,,,,10.93787,-85.79181666666666,,,,,
,,2022-07-13 08:11:47.202734,,,,,,,10.937865666666667,-85.791846,,,,,
,,2022-07-13 08:11:48.211817,,,,,,,10.937861,-85.79187533333334,,,,,
,,2022-07-13 08:11:49.220869,,,,,,,10.937856333333333,-85.7919045,,,,,
,,2022-07-13 08:11:50.232939,,,,,,,10.937850833333334,-85.79193316666667,,,,,
,,2022-07-13 08:11:51.238628,,,,,,,10.937845666666666,-85.79196216666666,,,,,
,,2022-07-13 08:11:52.239243,,,,,,,10.937840333333334,-85.791991,,,,,
,,2022-07-13 08:11:53.247856,,,,,,,10.937834833333334,-85.79202,,,,,
,,2022-07-13 08:11:54.259690,,,,,,,10.937830166666666,-85.79204916666667,,,,,
,,2022-07-13 08:11:55.271373,,,,,,,10.937825166666666,-85.792079,,,,,
,,2022-07-13 08:11:56.283595,,,,,,,10.937820666666667,-85.79210816666667,,,,,
,,2022-07-13 08:11:57.293515,,,,,,,10.937816,-85.79213783333333,,,,,
,,2022-07-13 08:11:58.301517,,,,,,,10.9378105,-85.7921675,,,,,
,,2022-07-13 08:11:59.311130,,,,,,,10.9378055,-85.79219666666667,,,,,
,,2022-07-13 08:12:00.317660,,,,,,,10.937799833333333,-85.79222566666667,,,,,
,,2022-07-13 08:12:01.328100,,,,,,,10.937795166666668,-85.79225333333333,,,,,
,,2022-07-13 08:12:02.341396,,,,,,,10.937790833333333,-85.79228183333333,,,,,
,,2022-07-13 08:12:03.355480,,,,,,,10.937786666666666,-85.79230983333333,,,,,
,,2022-07-13 08:12:04.367575,,,,,,,10.937781166666667,-85.79233883333333,,,,,
,,2022-07-13 08:12:05.379141,,,,,,,10.937775666666667,-85.79236816666666,,,,,
,,2022-07-13 08:12:06.389329,,,,,,,10.937771,-85.79239716666666,,,,,
,,2022-07-13 08:12:07.400813,,,,,,,10.937766166666666,-85.79242583333334,,,,,
,,2022-07-13 08:12:08.414183,,,,,,,10.9377615,-85.79245433333334,,,,,
,,2022-07-13 08:12:09.422645,,,,,,,10.937756666666667,-85.79248333333334,,,,,
,,2022-07-13 08:12:10.432678,,,,,,,10.937752666666666,-85.79251233333333,,,,,
,,2022-07-13 08:12:11.449781,,,,,,,10.937748,-85.79254133333333,,,,,
,,2022-07-13 08:12:12.451008,,,,,,,10.937744,-85.7925705,,,,,
,,2022-07-13 08:12:13.451989,,,,,,,10.937740333333334,-85.79259933333333,,,,,
,,2022-07-13 08:12:14.462462,,,,,,,10.937736,-85.79262783333333,,,,,
,,2022-07-13 08:12:15.474584,,,,,,,10.937730833333333,-85.792657,,,,,
,,2022-07-13 08:12:16.482329,,,,,,,10.937726166666666,-85.79268516666667,,,,,
,,2022-07-13 08:12:17.489235,,,,,,,10.9377215,-85.79271366666667,,,,,
,,2022-07-13 08:12:18.496613,,,,,,,10.937718166666667,-85.79274283333334,,,,,
,,2022-07-13 08:12:19.506622,,,,,,,10.937714333333334,-85.79277216666667,,,,,
,,2022-07-13 08:12:20.513949,,,,,,,10.937711,-85.79280033333333,,,,,
,,2022-07-13 08:12:21.521395,,,,,,,10.937708,-85.7928295,,,,,
,,2022-07-13 08:12:22.530936,,,,,,,10.9377045,-85.79285866666666,,,,,
,,2022-07-13 08:12:23.542495,,,,,,,10.937702166666666,-85.7928875,,,,,
,,2022-07-13 08:12:24.552128,,,,,,,10.9376995,-85.79291583333334,,,,,
,,2022-07-13 08:12:25.561552,,,,,,,10.937696666666668,-85.79294466666667,,,,,
,,2022-07-13 08:12:26.574993,,,,,,,10.937693666666666,-85.79297366666667,,,,,
,,2022-07-13 08:12:27.586887,,,,,,,10.937690333333334,-85.79300183333334,,,,,
,,2022-07-13 08:12:28.593837,,,,,,,10.937686333333334,-85.79303066666667,,,,,
,,2022-07-13 08:12:29.602414,,,,,,,10.937682666666667,-85.79306,,,,,
,,2022-07-13 08:12:30.613060,,,,,,,10.937679333333334,-85.79308916666666,,,,,
,,2022-07-13 08:12:31.624502,,,,,,,10.937675333333333,-85.7931185,,,,,
,,2022-07-13 08:12:32.633766,,,,,,,10.937670666666667,-85.79314683333334,,,,,
,,2022-07-13 08:12:33.643444,,,,,,,10.937666666666667,-85.79317466666667,,,,,
,,2022-07-13 08:12:34.658092,,,,,,,10.937661666666667,-85.7932025,,,,,
,,2022-07-13 08:12:35.670094,,,,,,,10.9376565,-85.79323116666667,,,,,
,,2022-07-13 08:12:36.682777,,,,,,,10.937652333333334,-85.79325966666667,,,,,
,,2022-07-13 08:12:37.684584,,,,,,,10.937648,-85.793288,,,,,
,,2022-07-13 08:12:38.697054,,,,,,,10.937643166666666,-85.79331716666667,,,,,
,,2022-07-13 08:12:39.708156,,,,,,,10.937639,-85.79334566666667,,,,,
,,2022-07-13 08:12:40.716441,,,,,,,10.937634666666666,-85.79337416666667,,,,,
,,2022-07-13 08:12:41.724181,,,,,,,10.93763,-85.793403,,,,,
,,2022-07-13 08:12:42.738338,,,,,,,10.937624666666666,-85.79343233333333,,,,,
,,2022-07-13 08:12:43.749191,,,,,,,10.937619333333334,-85.7934615,,,,,
,,2022-07-13 08:12:44.763606,,,,,,,10.937614666666667,-85.7934905,,,,,
,,2022-07-13 08:12:45.769039,,,,,,,10.937612,-85.79351883333334,,,,,
,,2022-07-13 08:12:46.774316,,,,,,,10.9376095,-85.793548,,,,,
,,2022-07-13 08:12:47.781464,,,,,,,10.937607333333334,-85.79357783333333,,,,,
,,2022-07-13 08:12:48.787387,,,,,,,10.937605,-85.79360716666666,,,,,
,,2022-07-13 08:12:49.798646,,,,,,,10.9376035,-85.79363483333333,,,,,
,,2022-07-13 08:12:50.808029,,,,,,,10.9376015,-85.7936635,,,,,
,,2022-07-13 08:12:51.815618,,,,,,,10.937599833333334,-85.793692,,,,,
,,2022-07-13 08:12:52.822768,,,,,,,10.937598,-85.7937205,,,,,
,,2022-07-13 08:12:53.830884,,,,,,,10.9375965,-85.79374933333334,,,,,
,,2022-07-13 08:12:54.841466,,,,,,,10.937594333333333,-85.793778,,,,,
,,2022-07-13 08:12:55.853881,,,,,,,10.937592833333333,-85.79380683333333,,,,,
,,2022-07-13 08:12:56.862870,,,,,,,10.937591333333334,-85.79383483333334,,,,,
,,2022-07-13 08:12:57.872792,,,,,,,10.937589166666667,-85.793863,,,,,
,,2022-07-13 08:12:58.881034,,,,,,,10.937587,-85.79389133333333,,,,,
,,2022-07-13 08:12:59.891180,,,,,,,10.937585,-85.79392,,,,,
,,2022-07-13 08:13:00.901626,,,,,,,10.9375835,-85.7939485,,,,,
,,2022-07-13 08:13:01.906312,,,,,,,10.937582166666667,-85.79397733333333,,,,,
,,2022-07-13 08:13:02.916102,,,,,,,10.937580166666667,-85.79400633333333,,,,,
,,2022-07-13 08:13:03.924384,,,,,,,10.9375775,-85.7940325,,,,,
,,2022-07-13 08:13:04.938959,,,,,,,10.937575833333334,-85.79406083333333,,,,,
,,2022-07-13 08:13:05.952841,,,,,,,10.9375745,-85.79408966666666,,,,,
,,2022-07-13 08:13:06.965881,,,,,,,10.937572333333334,-85.794119,,,,,
,,2022-07-13 08:13:07.965972,,,,,,,10.937569666666667,-85.79414816666667,,,,,
,,2022-07-13 08:13:08.974730,,,,,,,10.937567666666666,-85.794177,,,,,
,,2022-07-13 08:13:09.975626,,,,,,,10.937564833333333,-85.79420566666667,,,,,
,,2022-07-13 08:13:10.987745,,,,,,,10.9375625,-85.7942345,,,,,
,,2022-07-13 08:13:12.000554,,,,,,,10.9375605,-85.79426333333333,,,,,
,,2022-07-13 08:13:13.014277,,,,,,,10.937558166666667,-85.794292,,,,,
,,2022-07-13 08:13:14.053497,,,,,,,10.9375525,-85.79435116666667,,,,,
,,2022-07-13 08:13:15.064749,,,,,,,10.9375505,-85.79437833333333,,,,,
,,2022-07-13 08:13:16.073888,,,,,,,10.937549166666667,-85.79440666666666,,,,,
,,2022-07-13 08:13:17.082926,,,,,,,10.937548666666666,-85.7944335,,,,,
,,2022-07-13 08:13:18.091298,,,,,,,10.937548666666666,-85.79446183333333,,,,,
,,2022-07-13 08:13:19.100974,,,,,,,10.937548666666666,-85.7944905,,,,,
,,2022-07-13 08:13:20.108289,,,,,,,10.937549166666667,-85.79452,,,,,
,,2022-07-13 08:13:21.114638,,,,,,,10.93755,-85.794549,,,,,
,,2022-07-13 08:13:22.125682,,,,,,,10.937549333333333,-85.7945805,,,,,
,,2022-07-13 08:13:23.134516,,,,,,,10.937549166666667,-85.7946115,,,,,
,,2022-07-13 08:13:24.146108,,,,,,,10.937550166666666,-85.794641,,,,,
,,2022-07-13 08:13:25.154507,,,,,,,10.937551833333334,-85.79466983333333,,,,,
,,2022-07-13 08:13:26.167253,,,,,,,10.937552833333333,-85.79469783333333,,,,,
,,2022-07-13 08:13:27.168885,,,,,,,10.937553666666666,-85.79472716666666,,,,,
,,2022-07-13 08:13:28.176648,,,,,,,10.937552666666667,-85.79475766666667,,,,,
,,2022-07-13 08:13:29.181817,,,,,,,10.937554,-85.79478683333333,,,,,
,,2022-07-13 08:13:30.190658,,,,,,,10.937556166666667,-85.794816,,,,,
,,2022-07-13 08:13:31.203243,,,,,,,10.937556333333333,-85.7948455,,,,,
,,2022-07-13 08:13:32.213929,,,,,,,10.937555333333334,-85.79487466666667,,,,,
,,2022-07-13 08:13:33.224871,,,,,,,10.937554833333333,-85.79490283333334,,,,,
,,2022-07-13 08:13:34.235699,,,,,,,10.937553833333334,-85.7949315,,,,,
,,2022-07-13 08:13:35.247590,,,,,,,10.937551666666666,-85.79496066666667,,,,,
,,2022-07-13 08:13:36.262425,,,,,,,10.937550666666667,-85.79498933333333,,,,,
,,2022-07-13 08:13:37.274544,,,,,,,10.937549,-85.7950185,,,,,
,,2022-07-13 08:13:38.281925,,,,,,,10.937547166666667,-85.79504766666666,,,,,
,,2022-07-13 08:13:39.292573,,,,,,,10.937546666666666,-85.79507633333333,,,,,
,,2022-07-13 08:13:40.305248,,,,,,,10.9375465,-85.79510516666667,,,,,
,,2022-07-13 08:13:41.317877,,,,,,,10.937546666666666,-85.79513366666667,,,,,
,,2022-07-13 08:13:42.332078,,,,,,,10.937546666666666,-85.79516233333334,,,,,
,,2022-07-13 08:13:43.343202,,,,,,,10.9375455,-85.79519183333333,,,,,
,,2022-07-13 08:13:44.346533,,,,,,,10.937544333333333,-85.79522166666666,,,,,
,,2022-07-13 08:13:45.356976,,,,,,,10.937542833333334,-85.79525066666666,,,,,
,,2022-07-13 08:13:46.368987,,,,,,,10.9375415,-85.79528,,,,,
,,2022-07-13 08:13:47.380938,,,,,,,10.937539833333334,-85.79530933333334,,,,,
,,2022-07-13 08:13:48.380989,,,,,,,10.9375375,-85.795339,,,,,
,,2022-07-13 08:13:49.392084,,,,,,,10.937534666666666,-85.79536883333333,,,,,
,,2022-07-13 08:13:50.402494,,,,,,,10.937533166666666,-85.79539766666667,,,,,
,,2022-07-13 08:13:51.407854,,,,,,,10.937531333333334,-85.79542783333333,,,,,
,,2022-07-13 08:13:52.416976,,,,,,,10.937531333333334,-85.79545683333333,,,,,
,,2022-07-13 08:13:53.423619,,,,,,,10.937532833333334,-85.79548266666667,,,,,
,,2022-07-13 08:13:54.430469,,,,,,,10.937534666666666,-85.79550683333333,,,,,
,,2022-07-13 08:13:55.439870,,,,,,,10.937538,-85.79552883333334,,,,,
,,2022-07-13 08:13:56.449332,,,,,,,10.937541833333333,-85.79554983333334,,,,,
,,2022-07-13 08:13:57.460269,,,,,,,10.937545333333333,-85.79557066666666,,,,,
,,2022-07-13 08:13:58.474509,,,,,,,10.937549333333333,-85.7955905,,,,,
,,2022-07-13 08:13:59.480575,,,,,,,10.937552833333333,-85.79560966666666,,,,,
,,2022-07-13 08:14:00.487666,,,,,,,10.937556,-85.79562816666666,,,,,
,,2022-07-13 08:14:01.493569,,,,,,,10.937559666666667,-85.795645,,,,,
,,2022-07-13 08:14:02.503494,,,,,,,10.937563,-85.795662,,,,,
,,2022-07-13 08:14:03.515008,,,,,,,10.937565666666666,-85.79567766666666,,,,,
,,2022-07-13 08:14:04.529524,,,,,,,10.937569666666667,-85.79569283333333,,,,,
,,2022-07-13 08:14:05.543027,,,,,,,10.937573666666667,-85.7957065,,,,,
,,2022-07-13 08:14:06.556168,,,,,,,10.937577666666666,-85.79572066666667,,,,,
,,2022-07-13 08:14:07.563911,,,,,,,10.937581,-85.7957345,,,,,
,,2022-07-13 08:14:08.575938,,,,,,,10.937584333333334,-85.79574866666667,,,,,
,,2022-07-13 08:14:09.578637,,,,,,,10.9375875,-85.79576233333333,,,,,
,,2022-07-13 08:14:10.583582,,,,,,,10.937590333333333,-85.7957745,,,,,
,,2022-07-13 08:14:11.588573,,,,,,,10.937593,-85.79578666666667,,,,,
,,2022-07-13 08:14:12.594286,,,,,,,10.937594666666667,-85.7957985,,,,,
,,2022-07-13 08:14:13.599287,,,,,,,10.937595333333332,-85.795809,,,,,
,,2022-07-13 08:14:14.604510,,,,,,,10.937595833333333,-85.79581816666666,,,,,
,,2022-07-13 08:14:15.610062,,,,,,,10.937595666666667,-85.79582766666667,,,,,
,,2022-07-13 08:14:16.614483,,,,,,,10.937595,-85.795838,,,,,
,,2022-07-13 08:14:17.619987,,,,,,,10.937595333333332,-85.79584716666666,,,,,
,,2022-07-13 08:14:18.626382,,,,,,,10.9375945,-85.795856,,,,,
,,2022-07-13 08:14:19.632189,,,,,,,10.937592666666667,-85.7958655,,,,,
,,2022-07-13 08:14:20.637457,,,,,,,10.937591,-85.79587416666666,,,,,
,,2022-07-13 08:14:21.642945,,,,,,,10.937590166666666,-85.79588166666667,,,,,
,,2022-07-13 08:14:22.652851,,,,,,,10.937589166666667,-85.79588766666667,,,,,
,,2022-07-13 08:14:23.658876,,,,,,,10.937588833333333,-85.79589366666667,,,,,
,,2022-07-13 08:14:24.664663,,,,,,,10.9375875,-85.79589966666667,,,,,
,,2022-07-13 08:14:25.669789,,,,,,,10.937586666666666,-85.79590366666666,,,,,
,,2022-07-13 08:14:26.674997,,,,,,,10.937585666666667,-85.79590883333333,,,,,
,,2022-07-13 08:14:27.679408,,,,,,,10.937585,-85.79591266666667,,,,,
,,2022-07-13 08:14:28.684297,,,,,,,10.937584833333334,-85.79591566666667,,,,,
,,2022-07-13 08:14:29.699350,,,,,,,10.937585333333333,-85.79591766666667,,,,,
,,2022-07-13 08:14:30.702044,,,,,,,10.937584666666666,-85.79592016666666,,,,,
,,2022-07-13 08:14:31.707126,,,,,,,10.937584,-85.79592166666667,,,,,
,,2022-07-13 08:14:32.713015,,,,,,,10.937583,-85.79592233333334,,,,,
,,2022-07-13 08:14:33.721513,,,,,,,10.9375815,-85.79592333333333,,,,,
,,2022-07-13 08:14:34.729475,,,,,,,10.937580333333333,-85.795924,,,,,
,,2022-07-13 08:14:35.738836,,,,,,,10.937578333333333,-85.7959325,,,,,
,,2022-07-13 08:14:36.746584,,,,,,,10.9375775,-85.795938,,,,,
,,2022-07-13 08:14:37.756569,,,,,,,10.937576666666667,-85.795944,,,,,
,,2022-07-13 08:14:38.766012,,,,,,,10.937575166666667,-85.79595366666666,,,,,
,,2022-07-13 08:14:39.777273,,,,,,,10.937572833333334,-85.79596583333333,,,,,
,,2022-07-13 08:14:40.786664,,,,,,,10.937567333333334,-85.79597766666667,,,,,
,,2022-07-13 08:14:41.795932,,,,,,,10.937558833333334,-85.79598883333334,,,,,
,,2022-07-13 08:14:42.796440,,,,,,,10.937547,-85.79599916666666,,,,,
,,2022-07-13 08:14:43.811990,,,,,,,10.937532166666667,-85.796009,,,,,
,,2022-07-13 08:14:44.818447,,,,,,,10.937516166666667,-85.79601533333333,,,,,
,,2022-07-13 08:14:45.833745,,,,,,,10.937498333333334,-85.79601983333333,,,,,
,,2022-07-13 08:14:46.841289,,,,,,,10.937478166666667,-85.79602233333334,,,,,
,,2022-07-13 08:14:47.850916,,,,,,,10.937457166666666,-85.796023,,,,,
,,2022-07-13 08:14:48.857947,,,,,,,10.937435833333334,-85.796022,,,,,
,,2022-07-13 08:14:49.865441,,,,,,,10.937412,-85.79602033333333,,,,,
,,2022-07-13 08:14:50.873441,,,,,,,10.9373865,-85.796017,,,,,
,,2022-07-13 08:14:51.880440,,,,,,,10.9373595,-85.79601283333334,,,,,
,,2022-07-13 08:14:52.887963,,,,,,,10.937332833333333,-85.796007,,,,,
,,2022-07-13 08:14:53.895935,,,,,,,10.937305833333333,-85.79600066666667,,,,,
,,2022-07-13 08:14:54.902938,,,,,,,10.937277666666667,-85.79599233333333,,,,,
,,2022-07-13 08:14:55.910947,,,,,,,10.937249,-85.79598383333334,,,,,
,,2022-07-13 08:14:56.917992,,,,,,,10.93722,-85.79597483333333,,,,,
,,2022-07-13 08:14:57.925434,,,,,,,10.937191166666667,-85.79596533333333,,,,,
,,2022-07-13 08:14:58.932930,,,,,,,10.937162333333333,-85.7959555,,,,,
,,2022-07-13 08:14:59.940447,,,,,,,10.937134333333333,-85.7959445,,,,,
,,2022-07-13 08:15:00.947945,,,,,,,10.937106166666666,-85.79593333333334,,,,,
,,2022-07-13 08:15:01.955439,,,,,,,10.937076833333334,-85.79592266666667,,,,,
,,2022-07-13 08:15:02.962977,,,,,,,10.937048,-85.7959125,,,,,
,,2022-07-13 08:15:03.974810,,,,,,,10.937018666666667,-85.795902,,,,,
,,2022-07-13 08:15:04.979559,,,,,,,10.936990166666666,-85.79589183333333,,,,,
,,2022-07-13 08:15:05.994077,,,,,,,10.936962,-85.7958815,,,,,
,,2022-07-13 08:15:06.998763,,,,,,,10.936933333333334,-85.795871,,,,,
,,2022-07-13 08:15:08.003788,,,,,,,10.936904333333333,-85.79586,,,,,
,,2022-07-13 08:15:09.017048,,,,,,,10.9368755,-85.79584933333334,,,,,
,,2022-07-13 08:15:10.053682,,,,,,,10.936818833333334,-85.79582666666667,,,,,
,,2022-07-13 08:15:11.064888,,,,,,,10.9367905,-85.7958155,,,,,
,,2022-07-13 08:15:12.074769,,,,,,,10.936762333333334,-85.79580416666667,,,,,
,,2022-07-13 08:15:13.084580,,,,,,,10.936734166666668,-85.79579283333334,,,,,
,,2022-07-13 08:15:14.097770,,,,,,,10.936706,-85.79578116666667,,,,,
,,2022-07-13 08:15:15.108804,,,,,,,10.936677,-85.79577,,,,,
,,2022-07-13 08:15:16.121975,,,,,,,10.936647666666667,-85.79575933333334,,,,,
,,2022-07-13 08:15:17.135743,,,,,,,10.936618166666667,-85.79574883333333,,,,,
,,2022-07-13 08:15:18.150282,,,,,,,10.9365885,-85.79573816666667,,,,,
,,2022-07-13 08:15:19.151604,,,,,,,10.936558833333333,-85.79572766666666,,,,,
,,2022-07-13 08:15:20.156444,,,,,,,10.936530666666666,-85.79571766666666,,,,,
,,2022-07-13 08:15:21.160874,,,,,,,10.936502833333334,-85.7957085,,,,,
,,2022-07-13 08:15:22.166770,,,,,,,10.936475333333334,-85.79569983333333,,,,,
,,2022-07-13 08:15:23.172519,,,,,,,10.936447833333334,-85.79569016666667,,,,,
,,2022-07-13 08:15:24.184525,,,,,,,10.936419666666668,-85.79568033333334,,,,,
,,2022-07-13 08:15:25.198844,,,,,,,10.936391166666667,-85.79567083333333,,,,,
,,2022-07-13 08:15:26.203743,,,,,,,10.936362166666667,-85.7956605,,,,,
,,2022-07-13 08:15:27.209568,,,,,,,10.936333,-85.79564983333333,,,,,
,,2022-07-13 08:15:28.215867,,,,,,,10.936304666666667,-85.79563883333333,,,,,
,,2022-07-13 08:15:29.220893,,,,,,,10.936276833333332,-85.79562766666666,,,,,
,,2022-07-13 08:15:30.226612,,,,,,,10.936249333333333,-85.79561666666666,,,,,
,,2022-07-13 08:15:31.231440,,,,,,,10.936221666666667,-85.79560633333334,,,,,
,,2022-07-13 08:15:32.236285,,,,,,,10.936194,-85.79559533333334,,,,,
,,2022-07-13 08:15:33.241827,,,,,,,10.936165,-85.79558416666667,,,,,
,,2022-07-13 08:15:34.247225,,,,,,,10.936136333333334,-85.79557366666667,,,,,
,,2022-07-13 08:15:35.252285,,,,,,,10.936107833333333,-85.79556333333333,,,,,
,,2022-07-13 08:15:36.254687,,,,,,,10.936078666666667,-85.7955535,,,,,
,,2022-07-13 08:15:37.262629,,,,,,,10.936050333333334,-85.79554383333334,,,,,
,,2022-07-13 08:15:38.276962,,,,,,,10.936023166666667,-85.79553416666667,,,,,
,,2022-07-13 08:15:39.279746,,,,,,,10.935995666666667,-85.79552416666667,,,,,
,,2022-07-13 08:15:40.288188,,,,,,,10.935967833333333,-85.79551466666666,,,,,
,,2022-07-13 08:15:41.300919,,,,,,,10.935938166666666,-85.79550366666666,,,,,
,,2022-07-13 08:15:42.313186,,,,,,,10.935909166666667,-85.79549283333333,,,,,
,,2022-07-13 08:15:43.313899,,,,,,,10.935880833333334,-85.79548216666667,,,,,
,,2022-07-13 08:15:44.324298,,,,,,,10.935852666666667,-85.79547116666667,,,,,
,,2022-07-13 08:15:45.334656,,,,,,,10.935824333333333,-85.795462,,,,,
,,2022-07-13 08:15:46.342945,,,,,,,10.935796,-85.79545166666666,,,,,
,,2022-07-13 08:15:47.351293,,,,,,,10.935768166666668,-85.79544233333333,,,,,
,,2022-07-13 08:15:48.360295,,,,,,,10.935739666666667,-85.79543333333334,,,,,
,,2022-07-13 08:15:49.371446,,,,,,,10.935710666666667,-85.79542366666666,,,,,
,,2022-07-13 08:15:50.385600,,,,,,,10.935682166666666,-85.79541283333333,,,,,
,,2022-07-13 08:15:51.395995,,,,,,,10.935654,-85.7954025,,,,,
,,2022-07-13 08:15:52.401977,,,,,,,10.935626666666666,-85.79539216666667,,,,,
,,2022-07-13 08:15:53.407827,,,,,,,10.935599333333334,-85.79538233333334,,,,,
,,2022-07-13 08:15:54.419631,,,,,,,10.935571333333334,-85.79537266666667,,,,,
,,2022-07-13 08:15:55.428435,,,,,,,10.935542666666667,-85.79536233333333,,,,,
,,2022-07-13 08:15:56.434433,,,,,,,10.935513166666667,-85.79535166666666,,,,,
,,2022-07-13 08:15:57.442829,,,,,,,10.935483833333333,-85.79534016666666,,,,,
,,2022-07-13 08:15:58.448909,,,,,,,10.935455,-85.795329,,,,,
,,2022-07-13 08:15:59.456949,,,,,,,10.935426,-85.79531683333333,,,,,
,,2022-07-13 08:16:00.466973,,,,,,,10.935397333333333,-85.79530466666667,,,,,
,,2022-07-13 08:16:01.474785,,,,,,,10.93537,-85.7952925,,,,,
,,2022-07-13 08:16:02.482914,,,,,,,10.935343166666666,-85.7952785,,,,,
,,2022-07-13 08:16:03.493232,,,,,,,10.935316333333333,-85.7952645,,,,,
,,2022-07-13 08:16:04.494645,,,,,,,10.935288166666666,-85.79525133333334,,,,,
,,2022-07-13 08:16:05.505209,,,,,,,10.935260333333334,-85.79523666666667,,,,,
,,2022-07-13 08:16:06.513281,,,,,,,10.935233,-85.79522183333333,,,,,
,,2022-07-13 08:16:07.525168,,,,,,,10.935206833333334,-85.7952065,,,,,
,,2022-07-13 08:16:08.534676,,,,,,,10.9351805,-85.79519233333333,,,,,
,,2022-07-13 08:16:09.540191,,,,,,,10.935153166666666,-85.79517866666667,,,,,
,,2022-07-13 08:16:10.544894,,,,,,,10.9351255,-85.79516433333333,,,,,
,,2022-07-13 08:16:11.550683,,,,,,,10.935098333333332,-85.79515033333334,,,,,
,,2022-07-13 08:16:12.557973,,,,,,,10.935071666666667,-85.795136,,,,,
,,2022-07-13 08:16:13.565402,,,,,,,10.935045166666667,-85.7951225,,,,,
,,2022-07-13 08:16:14.573297,,,,,,,10.935019,-85.79510833333333,,,,,
,,2022-07-13 08:16:15.581036,,,,,,,10.934992833333334,-85.79509516666667,,,,,
,,2022-07-13 08:16:16.591459,,,,,,,10.9349675,-85.79508116666666,,,,,
,,2022-07-13 08:16:17.600904,,,,,,,10.934940333333333,-85.7950675,,,,,
,,2022-07-13 08:16:18.616239,,,,,,,10.934911833333333,-85.79505583333334,,,,,
,,2022-07-13 08:16:19.617892,,,,,,,10.934883166666667,-85.79504383333334,,,,,
,,2022-07-13 08:16:20.627220,,,,,,,10.934853833333333,-85.7950325,,,,,
,,2022-07-13 08:16:21.633106,,,,,,,10.934825,-85.79502133333334,,,,,
,,2022-07-13 08:16:22.640068,,,,,,,10.934796666666667,-85.79501033333334,,,,,
,,2022-07-13 08:16:23.649419,,,,,,,10.934768166666666,-85.79499933333334,,,,,
,,2022-07-13 08:16:24.655526,,,,,,,10.93474,-85.7949895,,,,,
,,2022-07-13 08:16:25.666425,,,,,,,10.934713,-85.79497966666666,,,,,
,,2022-07-13 08:16:26.680182,,,,,,,10.934686166666667,-85.79496933333333,,,,,
,,2022-07-13 08:16:27.692918,,,,,,,10.934659833333333,-85.79495883333334,,,,,
,,2022-07-13 08:16:28.705157,,,,,,,10.934633333333334,-85.79494833333334,,,,,
,,2022-07-13 08:16:29.707121,,,,,,,10.9346075,-85.79493716666667,,,,,
,,2022-07-13 08:16:30.718139,,,,,,,10.934581833333333,-85.794926,,,,,
,,2022-07-13 08:16:31.731111,,,,,,,10.9345555,-85.7949155,,,,,
,,2022-07-13 08:16:32.740995,,,,,,,10.934530166666667,-85.79490433333333,,,,,
,,2022-07-13 08:16:33.755872,,,,,,,10.934505166666666,-85.79489233333334,,,,,
,,2022-07-13 08:16:34.766078,,,,,,,10.9344805,-85.79488,,,,,
,,2022-07-13 08:16:35.777693,,,,,,,10.934457666666667,-85.79486833333333,,,,,
,,2022-07-13 08:16:36.792140,,,,,,,10.9344355,-85.79485783333334,,,,,
,,2022-07-13 08:16:37.804683,,,,,,,10.934414166666667,-85.79484733333334,,,,,
,,2022-07-13 08:16:38.815434,,,,,,,10.934393333333333,-85.7948365,,,,,
,,2022-07-13 08:16:39.826422,,,,,,,10.934372,-85.79482583333333,,,,,
,,2022-07-13 08:16:40.835355,,,,,,,10.934351166666668,-85.79481483333333,,,,,
,,2022-07-13 08:16:41.844629,,,,,,,10.934330833333334,-85.7948045,,,,,
,,2022-07-13 08:16:42.857264,,,,,,,10.934311333333333,-85.794796,,,,,
,,2022-07-13 08:16:43.868512,,,,,,,10.934292666666666,-85.79478766666666,,,,,
,,2022-07-13 08:16:44.869949,,,,,,,10.934274,-85.79477883333334,,,,,
,,2022-07-13 08:16:45.880286,,,,,,,10.934255666666667,-85.7947685,,,,,
,,2022-07-13 08:16:46.889890,,,,,,,10.934235333333334,-85.79475966666666,,,,,
,,2022-07-13 08:16:47.899872,,,,,,,10.934215,-85.79474916666666,,,,,
,,2022-07-13 08:16:48.904929,,,,,,,10.934195333333333,-85.794739,,,,,
,,2022-07-13 08:16:49.915012,,,,,,,10.934176,-85.7947285,,,,,
,,2022-07-13 08:16:50.926280,,,,,,,10.9341575,-85.79471733333334,,,,,
,,2022-07-13 08:16:51.931273,,,,,,,10.934139333333333,-85.79470583333334,,,,,
,,2022-07-13 08:16:52.938919,,,,,,,10.9341225,-85.79469516666667,,,,,
,,2022-07-13 08:16:53.944790,,,,,,,10.9341055,-85.79468366666667,,,,,
,,2022-07-13 08:16:54.957028,,,,,,,10.934088333333333,-85.79467233333334,,,,,
,,2022-07-13 08:16:55.971687,,,,,,,10.934071166666667,-85.794661,,,,,
,,2022-07-13 08:16:56.981739,,,,,,,10.934054666666666,-85.7946505,,,,,
,,2022-07-13 08:16:57.996120,,,,,,,10.9340405,-85.79463783333334,,,,,
,,2022-07-13 08:16:59.007422,,,,,,,10.9340275,-85.79462466666666,,,,,
,,2022-07-13 08:17:00.048445,,,,,,,10.9340025,-85.7945995,,,,,
,,2022-07-13 08:17:01.061496,,,,,,,10.9339895,-85.79458666666666,,,,,
,,2022-07-13 08:17:02.070998,,,,,,,10.9339765,-85.79457516666666,,,,,
,,2022-07-13 08:17:03.072451,,,,,,,10.9339625,-85.79456433333333,,,,,
,,2022-07-13 08:17:04.086643,,,,,,,10.933948,-85.79455433333334,,,,,
,,2022-07-13 08:17:05.100100,,,,,,,10.9339325,-85.79454666666666,,,,,
,,2022-07-13 08:17:06.113271,,,,,,,10.9339165,-85.79454,,,,,
,,2022-07-13 08:17:07.124601,,,,,,,10.9339,-85.79453316666667,,,,,
,,2022-07-13 08:17:08.126265,,,,,,,10.933883166666666,-85.79452766666667,,,,,
,,2022-07-13 08:17:09.139676,,,,,,,10.933866833333333,-85.794522,,,,,
,,2022-07-13 08:17:10.150393,,,,,,,10.933849666666667,-85.79451616666667,,,,,
,,2022-07-13 08:17:11.162508,,,,,,,10.933832166666667,-85.79450983333334,,,,,
,,2022-07-13 08:17:12.170084,,,,,,,10.933815,-85.7945035,,,,,
,,2022-07-13 08:17:13.180948,,,,,,,10.933797666666667,-85.79449683333333,,,,,
,,2022-07-13 08:17:14.194859,,,,,,,10.933781,-85.79448933333333,,,,,
,,2022-07-13 08:17:15.207661,,,,,,,10.933764333333333,-85.79448166666667,,,,,
,,2022-07-13 08:17:16.217088,,,,,,,10.933748,-85.79447516666667,,,,,
,,2022-07-13 08:17:17.231119,,,,,,,10.9337325,-85.79446966666667,,,,,
,,2022-07-13 08:17:18.243311,,,,,,,10.933717166666666,-85.79446333333334,,,,,
,,2022-07-13 08:17:19.254668,,,,,,,10.933701666666666,-85.794457,,,,,
,,2022-07-13 08:17:20.266243,,,,,,,10.933685,-85.79445166666666,,,,,
,,2022-07-13 08:17:21.271975,,,,,,,10.933667,-85.79444766666667,,,,,
,,2022-07-13 08:17:22.278683,,,,,,,10.933649,-85.794443,,,,,
,,2022-07-13 08:17:23.285527,,,,,,,10.933632,-85.79443883333333,,,,,
,,2022-07-13 08:17:24.293377,,,,,,,10.933615,-85.79443566666667,,,,,
,,2022-07-13 08:17:25.300515,,,,,,,10.933597666666667,-85.79443333333333,,,,,
,,2022-07-13 08:17:26.305577,,,,,,,10.9335785,-85.79443133333334,,,,,
,,2022-07-13 08:17:27.312294,,,,,,,10.93356,-85.79442833333333,,,,,
,,2022-07-13 08:17:28.321242,,,,,,,10.933541333333332,-85.79442633333333,,,,,
,,2022-07-13 08:17:29.329362,,,,,,,10.933523333333333,-85.79442383333334,,,,,
,,2022-07-13 08:17:30.342259,,,,,,,10.9335055,-85.79442183333333,,,,,
,,2022-07-13 08:17:31.355087,,,,,,,10.933488333333333,-85.79441816666667,,,,,
,,2022-07-13 08:17:32.365893,,,,,,,10.9334715,-85.79441366666667,,,,,
,,2022-07-13 08:17:33.375045,,,,,,,10.933454333333334,-85.794409,,,,,
,,2022-07-13 08:17:34.386619,,,,,,,10.933436833333333,-85.7944035,,,,,
,,2022-07-13 08:17:35.393373,,,,,,,10.933419666666667,-85.794398,,,,,
,,2022-07-13 08:17:36.403397,,,,,,,10.933402,-85.79439216666667,,,,,
,,2022-07-13 08:17:37.414594,,,,,,,10.9333835,-85.79438683333333,,,,,
,,2022-07-13 08:17:38.428678,,,,,,,10.933364666666666,-85.794382,,,,,
,,2022-07-13 08:17:39.434543,,,,,,,10.933345833333334,-85.79437633333333,,,,,
,,2022-07-13 08:17:40.444401,,,,,,,10.933327166666666,-85.794371,,,,,
,,2022-07-13 08:17:41.445482,,,,,,,10.9333075,-85.79436583333333,,,,,
,,2022-07-13 08:17:42.458508,,,,,,,10.933288333333333,-85.7943605,,,,,
,,2022-07-13 08:17:43.472660,,,,,,,10.933267833333334,-85.79435583333333,,,,,
,,2022-07-13 08:17:44.486735,,,,,,,10.933246666666667,-85.794352,,,,,
,,2022-07-13 08:17:45.499428,,,,,,,10.933225666666667,-85.79434833333333,,,,,
,,2022-07-13 08:17:46.514417,,,,,,,10.933206,-85.794345,,,,,
,,2022-07-13 08:17:47.527167,,,,,,,10.933185666666667,-85.794344,,,,,
,,2022-07-13 08:17:48.540205,,,,,,,10.9331645,-85.7943445,,,,,
,,2022-07-13 08:17:49.540930,,,,,,,10.933143833333334,-85.79434816666667,,,,,
,,2022-07-13 08:17:50.550210,,,,,,,10.933123,-85.79435266666667,,,,,
,,2022-07-13 08:17:51.550542,,,,,,,10.933102,-85.79435866666667,,,,,
,,2022-07-13 08:17:52.564516,,,,,,,10.933081,-85.7943655,,,,,
,,2022-07-13 08:17:53.577152,,,,,,,10.9330595,-85.79437233333333,,,,,
,,2022-07-13 08:17:54.587871,,,,,,,10.933037833333334,-85.79437966666667,,,,,
,,2022-07-13 08:17:55.593409,,,,,,,10.933015666666666,-85.79438733333333,,,,,
,,2022-07-13 08:17:56.600261,,,,,,,10.932993666666666,-85.79439633333334,,,,,
,,2022-07-13 08:17:57.608526,,,,,,,10.932974,-85.79440616666666,,,,,
,,2022-07-13 08:17:58.620682,,,,,,,10.932953,-85.79441533333333,,,,,
,,2022-07-13 08:17:59.630836,,,,,,,10.932931,-85.794423,,,,,
,,2022-07-13 08:18:00.637922,,,,,,,10.932908333333334,-85.79442983333334,,,,,
,,2022-07-13 08:18:01.644970,,,,,,,10.9328875,-85.79443566666667,,,,,
,,2022-07-13 08:18:02.654977,,,,,,,10.932866833333334,-85.7944415,,,,,
,,2022-07-13 08:18:03.660332,,,,,,,10.932846666666666,-85.79444616666666,,,,,
,,2022-07-13 08:18:04.674523,,,,,,,10.932826166666667,-85.79445233333334,,,,,
,,2022-07-13 08:18:05.684783,,,,,,,10.932805666666667,-85.7944615,,,,,
,,2022-07-13 08:18:06.695254,,,,,,,10.932784666666667,-85.794472,,,,,
,,2022-07-13 08:18:07.696090,,,,,,,10.932764166666667,-85.79448183333334,,,,,
,,2022-07-13 08:18:08.710139,,,,,,,10.932742666666666,-85.79449316666667,,,,,
,,2022-07-13 08:18:09.718036,,,,,,,10.9327215,-85.79450516666667,,,,,
,,2022-07-13 08:18:10.726645,,,,,,,10.932701833333333,-85.79451866666666,,,,,
,,2022-07-13 08:18:11.735490,,,,,,,10.9326835,-85.79453233333334,,,,,
,,2022-07-13 08:18:12.746068,,,,,,,10.9326655,-85.79454633333333,,,,,
,,2022-07-13 08:18:13.752979,,,,,,,10.932648,-85.79456083333334,,,,,
,,2022-07-13 08:18:14.761909,,,,,,,10.932631166666667,-85.79457383333333,,,,,
,,2022-07-13 08:18:15.773113,,,,,,,10.9326155,-85.79458783333334,,,,,
,,2022-07-13 08:18:16.783842,,,,,,,10.932599666666666,-85.7946025,,,,,
,,2022-07-13 08:18:17.796580,,,,,,,10.9325825,-85.79461766666667,,,,,
,,2022-07-13 08:18:18.809872,,,,,,,10.932564666666666,-85.79463233333334,,,,,
,,2022-07-13 08:18:19.825029,,,,,,,10.932547666666666,-85.79464566666667,,,,,
,,2022-07-13 08:18:20.837349,,,,,,,10.932529833333334,-85.794658,,,,,
,,2022-07-13 08:18:21.852376,,,,,,,10.932512,-85.79467,,,,,
,,2022-07-13 08:18:22.854360,,,,,,,10.932493333333333,-85.794679,,,,,
,,2022-07-13 08:18:23.866971,,,,,,,10.932475666666667,-85.7946855,,,,,
,,2022-07-13 08:18:24.879497,,,,,,,10.932458666666667,-85.79469116666667,,,,,
,,2022-07-13 08:18:25.892100,,,,,,,10.932445166666668,-85.79469416666667,,,,,
,,2022-07-13 08:18:26.904956,,,,,,,10.9324305,-85.79469616666667,,,,,
,,2022-07-13 08:18:27.914166,,,,,,,10.932416166666666,-85.79469716666667,,,,,
,,2022-07-13 08:18:28.928941,,,,,,,10.932400166666667,-85.79469633333333,,,,,
,,2022-07-13 08:18:29.937283,,,,,,,10.932386833333334,-85.79468933333334,,,,,
,,2022-07-13 08:18:30.946355,,,,,,,10.932373666666667,-85.79468316666667,,,,,
,,2022-07-13 08:18:31.952399,,,,,,,10.932361833333333,-85.79467683333333,,,,,
,,2022-07-13 08:18:32.959694,,,,,,,10.932350333333334,-85.79466933333333,,,,,
,,2022-07-13 08:18:35.640158,,,,,,,10.932315666666666,-85.794644,,,,,
,,2022-07-13 08:18:36.651978,,,,,,,10.932305333333334,-85.79463200000001,,,,,
,,2022-07-13 08:18:37.658654,,,,,,,10.9322945,-85.79461933333333,,,,,
,,2022-07-13 08:18:38.665895,,,,,,,10.932282166666667,-85.79460633333333,,,,,
,,2022-07-13 08:18:39.674411,,,,,,,10.932270333333333,-85.79459083333333,,,,,
,,2022-07-13 08:18:40.682362,,,,,,,10.932257,-85.7945745,,,,,
,,2022-07-13 08:18:41.691719,,,,,,,10.9322435,-85.79455566666667,,,,,
,,2022-07-13 08:18:42.697841,,,,,,,10.932228333333333,-85.79453533333333,,,,,
,,2022-07-13 08:18:43.707115,,,,,,,10.932217333333334,-85.79451283333333,,,,,
,,2022-07-13 08:18:44.715521,,,,,,,10.932206333333333,-85.79449016666666,,,,,
,,2022-07-13 08:18:45.723449,,,,,,,10.932195333333333,-85.79446666666666,,,,,
,,2022-07-13 08:18:46.733375,,,,,,,10.9321855,-85.79444216666667,,,,,
,,2022-07-13 08:18:47.740684,,,,,,,10.9321765,-85.79441683333333,,,,,
,,2022-07-13 08:18:48.750921,,,,,,,10.932169833333333,-85.79439066666667,,,,,
,,2022-07-13 08:18:49.764414,,,,,,,10.9321625,-85.79436516666667,,,,,
,,2022-07-13 08:18:50.778091,,,,,,,10.932156166666667,-85.7943395,,,,,
,,2022-07-13 08:18:51.789760,,,,,,,10.932149833333334,-85.794314,,,,,
,,2022-07-13 08:18:52.794903,,,,,,,10.932142,-85.79428866666666,,,,,
,,2022-07-13 08:18:53.804480,,,,,,,10.932134666666666,-85.79426283333333,,,,,
,,2022-07-13 08:18:54.811921,,,,,,,10.9321275,-85.79423716666666,,,,,
,,2022-07-13 08:18:55.820263,,,,,,,10.9321235,-85.7942105,,,,,
,,2022-07-13 08:18:56.830450,,,,,,,10.932119333333333,-85.7941835,,,,,
,,2022-07-13 08:18:57.841333,,,,,,,10.932115333333334,-85.79415666666667,,,,,
,,2022-07-13 08:18:58.847656,,,,,,,10.9321105,-85.79413033333333,,,,,
,,2022-07-13 08:18:59.855953,,,,,,,10.932107333333333,-85.79410466666667,,,,,
,,2022-07-13 08:19:00.868154,,,,,,,10.932104166666667,-85.79407833333333,,,,,
,,2022-07-13 08:19:01.868603,,,,,,,10.9321,-85.79405233333334,,,,,
,,2022-07-13 08:19:02.881478,,,,,,,10.932093833333333,-85.79402733333333,,,,,
,,2022-07-13 08:19:03.891566,,,,,,,10.932088333333333,-85.794002,,,,,
,,2022-07-13 08:19:04.892617,,,,,,,10.932082833333334,-85.79397616666667,,,,,
,,2022-07-13 08:19:05.909452,,,,,,,10.9320775,-85.79395066666666,,,,,
,,2022-07-13 08:19:06.920211,,,,,,,10.932071833333334,-85.7939255,,,,,
,,2022-07-13 08:19:07.925871,,,,,,,10.932066,-85.79389983333333,,,,,
,,2022-07-13 08:19:08.932842,,,,,,,10.932059333333333,-85.7938745,,,,,
,,2022-07-13 08:19:09.941387,,,,,,,10.932052,-85.79384916666666,,,,,
,,2022-07-13 08:19:10.947953,,,,,,,10.932044166666667,-85.79382333333334,,,,,
,,2022-07-13 08:19:11.957879,,,,,,,10.932036166666666,-85.7937985,,,,,
,,2022-07-13 08:19:12.960675,,,,,,,10.932028333333333,-85.7937735,,,,,
,,2022-07-13 08:19:13.974104,,,,,,,10.932020666666666,-85.79374783333333,,,,,
,,2022-07-13 08:21:47.291980,,,,,,,10.931871666666666,-85.79324666666666,,,,,
,,2022-07-13 08:21:48.299510,,,,,,,10.932446333333333,-85.78987583333333,,,,,
,,2022-07-13 08:21:49.311279,,,,,,,10.932452166666666,-85.78986333333333,,,,,
,,2022-07-13 08:21:50.326281,,,,,,,10.932458166666667,-85.78985133333333,,,,,
,,2022-07-13 08:21:51.327788,,,,,,,10.932464166666668,-85.78984,,,,,
,,2022-07-13 08:21:52.334961,,,,,,,10.932470166666667,-85.78982916666666,,,,,
